From	Entry	Reviewed	Entry Name	Protein names	Organism	Length	EC number	Organism (ID)	Taxonomic lineage	Taxonomic lineage (Ids)	Gene Names
P04842	P04842	reviewed	ALOX1_KOMPG	Alcohol oxidase 1 (AO 1) (AOX 1) (EC 1.1.3.13) (Methanol oxidase 1) (MOX 1)	Komagataella phaffii (strain GS115 / ATCC 20864) (Yeast) (Pichia pastoris)	663	1.1.3.13	644223	cellular organisms (no rank), Eukaryota (superkingdom), Opisthokonta (clade), Fungi (kingdom), Dikarya (subkingdom), Ascomycota (phylum), saccharomyceta (clade), Saccharomycotina (subphylum), Saccharomycetes (class), Saccharomycetales (order), Pichiaceae (family), Komagataella (genus), Komagataella phaffii (species)	131567 (no rank), 2759 (superkingdom), 33154 (clade), 4751 (kingdom), 451864 (subkingdom), 4890 (phylum), 716545 (clade), 147537 (subphylum), 4891 (class), 4892 (order), 1156497 (family), 460517 (genus), 460519 (species)	AOX1 PAS_chr4_0821
F2QY27	F2QY27	reviewed	ALOX1_KOMPC	Alcohol oxidase 1 (AO 1) (AOX 1) (EC 1.1.3.13) (Methanol oxidase 1) (MOX 1)	Komagataella phaffii (strain ATCC 76273 / CBS 7435 / CECT 11047 / NRRL Y-11430 / Wegner 21-1) (Yeast) (Pichia pastoris)	663	1.1.3.13	981350	cellular organisms (no rank), Eukaryota (superkingdom), Opisthokonta (clade), Fungi (kingdom), Dikarya (subkingdom), Ascomycota (phylum), saccharomyceta (clade), Saccharomycotina (subphylum), Saccharomycetes (class), Saccharomycetales (order), Pichiaceae (family), Komagataella (genus), Komagataella phaffii (species)	131567 (no rank), 2759 (superkingdom), 33154 (clade), 4751 (kingdom), 451864 (subkingdom), 4890 (phylum), 716545 (clade), 147537 (subphylum), 4891 (class), 4892 (order), 1156497 (family), 460517 (genus), 460519 (species)	AOX1 PP7435_Chr4-0130
F2R038	F2R038	reviewed	ALOX2_KOMPC	Alcohol oxidase 2 (AO 2) (AOX 2) (EC 1.1.3.13) (Methanol oxidase 2) (MOX 2)	Komagataella phaffii (strain ATCC 76273 / CBS 7435 / CECT 11047 / NRRL Y-11430 / Wegner 21-1) (Yeast) (Pichia pastoris)	663	1.1.3.13	981350	cellular organisms (no rank), Eukaryota (superkingdom), Opisthokonta (clade), Fungi (kingdom), Dikarya (subkingdom), Ascomycota (phylum), saccharomyceta (clade), Saccharomycotina (subphylum), Saccharomycetes (class), Saccharomycetales (order), Pichiaceae (family), Komagataella (genus), Komagataella phaffii (species)	131567 (no rank), 2759 (superkingdom), 33154 (clade), 4751 (kingdom), 451864 (subkingdom), 4890 (phylum), 716545 (clade), 147537 (subphylum), 4891 (class), 4892 (order), 1156497 (family), 460517 (genus), 460519 (species)	AOX2 PP7435_Chr4-0863
P04841	P04841	reviewed	ALOX_PICAN	Alcohol oxidase (AO) (AOX) (EC 1.1.3.13) (Methanol oxidase) (MOX)	Pichia angusta (Yeast) (Hansenula polymorpha)	664	1.1.3.13	870730	cellular organisms (no rank), Eukaryota (superkingdom), Opisthokonta (clade), Fungi (kingdom), Dikarya (subkingdom), Ascomycota (phylum), saccharomyceta (clade), Saccharomycotina (subphylum), Saccharomycetes (class), Saccharomycetales (order), Pichiaceae (family), Ogataea (genus)	131567 (no rank), 2759 (superkingdom), 33154 (clade), 4751 (kingdom), 451864 (subkingdom), 4890 (phylum), 716545 (clade), 147537 (subphylum), 4891 (class), 4892 (order), 1156497 (family), 461281 (genus)	MOX
Q00922	Q00922	reviewed	ALOX_CANBO	Alcohol oxidase (AO) (AOX) (EC 1.1.3.13) (Methanol oxidase) (MOX)	Candida boidinii (Yeast)	663	1.1.3.13	5477	cellular organisms (no rank), Eukaryota (superkingdom), Opisthokonta (clade), Fungi (kingdom), Dikarya (subkingdom), Ascomycota (phylum), saccharomyceta (clade), Saccharomycotina (subphylum), Saccharomycetes (class), Saccharomycetales (order), Pichiaceae (family), Ogataea (genus), Ogataea/Candida clade (clade)	131567 (no rank), 2759 (superkingdom), 33154 (clade), 4751 (kingdom), 451864 (subkingdom), 4890 (phylum), 716545 (clade), 147537 (subphylum), 4891 (class), 4892 (order), 1156497 (family), 461281 (genus), 1540042 (clade)	AOD1
C4R702	C4R702	reviewed	ALOX2_KOMPG	Alcohol oxidase 2 (AO 2) (AOX 2) (EC 1.1.3.13) (Methanol oxidase 2) (MOX 2)	Komagataella phaffii (strain GS115 / ATCC 20864) (Yeast) (Pichia pastoris)	663	1.1.3.13	644223	cellular organisms (no rank), Eukaryota (superkingdom), Opisthokonta (clade), Fungi (kingdom), Dikarya (subkingdom), Ascomycota (phylum), saccharomyceta (clade), Saccharomycotina (subphylum), Saccharomycetes (class), Saccharomycetales (order), Pichiaceae (family), Komagataella (genus), Komagataella phaffii (species)	131567 (no rank), 2759 (superkingdom), 33154 (clade), 4751 (kingdom), 451864 (subkingdom), 4890 (phylum), 716545 (clade), 147537 (subphylum), 4891 (class), 4892 (order), 1156497 (family), 460517 (genus), 460519 (species)	AOX2 PAS_chr4_0152
A0A024FB95	A0A024FB95	unreviewed	A0A024FB95_STABO	Long-chain-alcohol oxidase FAO1 (EC 1.1.3.20)	Starmerella bombicola (Yeast) (Candida bombicola)	681	1.1.3.20	75736	cellular organisms (no rank), Eukaryota (superkingdom), Opisthokonta (clade), Fungi (kingdom), Dikarya (subkingdom), Ascomycota (phylum), saccharomyceta (clade), Saccharomycotina (subphylum), Saccharomycetes (class), Saccharomycetales (order), Trichomonascaceae (family), Starmerella (genus)	131567 (no rank), 2759 (superkingdom), 33154 (clade), 4751 (kingdom), 451864 (subkingdom), 4890 (phylum), 716545 (clade), 147537 (subphylum), 4891 (class), 4892 (order), 410830 (family), 75735 (genus)	FAO1
A0A060TJ17	A0A060TJ17	unreviewed	A0A060TJ17_BLAAD	ARAD1D51260p	Blastobotrys adeninivorans (Yeast) (Arxula adeninivorans)	578		409370	cellular organisms (no rank), Eukaryota (superkingdom), Opisthokonta (clade), Fungi (kingdom), Dikarya (subkingdom), Ascomycota (phylum), saccharomyceta (clade), Saccharomycotina (subphylum), Saccharomycetes (class), Saccharomycetales (order), Trichomonascaceae (family), Blastobotrys (genus)	131567 (no rank), 2759 (superkingdom), 33154 (clade), 4751 (kingdom), 451864 (subkingdom), 4890 (phylum), 716545 (clade), 147537 (subphylum), 4891 (class), 4892 (order), 410830 (family), 43971 (genus)	GNLVRS02_ARAD1D51260g
A0A067YIW8	A0A067YIW8	unreviewed	A0A067YIW8_9ASCO	alcohol oxidase (EC 1.1.3.13)	Ogataea thermomethanolica (nom. inval.)	663	1.1.3.13	310468	cellular organisms (no rank), Eukaryota (superkingdom), Opisthokonta (clade), Fungi (kingdom), Dikarya (subkingdom), Ascomycota (phylum), saccharomyceta (clade), Saccharomycotina (subphylum), Saccharomycetes (class), Saccharomycetales (order), Pichiaceae (family), Ogataea (genus), unclassified Ogataea (no rank)	131567 (no rank), 2759 (superkingdom), 33154 (clade), 4751 (kingdom), 451864 (subkingdom), 4890 (phylum), 716545 (clade), 147537 (subphylum), 4891 (class), 4892 (order), 1156497 (family), 461281 (genus), 2641076 (no rank)	AOX
A0A084FW90	A0A084FW90	unreviewed	A0A084FW90_PSEDA	Alcohol oxidase (EC 1.1.3.13)	Pseudallescheria apiosperma (Scedosporium apiospermum)	724	1.1.3.13	563466	cellular organisms (no rank), Eukaryota (superkingdom), Opisthokonta (clade), Fungi (kingdom), Dikarya (subkingdom), Ascomycota (phylum), saccharomyceta (clade), Pezizomycotina (subphylum), leotiomyceta (clade), sordariomyceta (clade), Sordariomycetes (class), Hypocreomycetidae (subclass), Microascales (order), Microascaceae (family), Scedosporium (genus)	131567 (no rank), 2759 (superkingdom), 33154 (clade), 4751 (kingdom), 451864 (subkingdom), 4890 (phylum), 716545 (clade), 147538 (subphylum), 716546 (clade), 715989 (clade), 147550 (class), 222543 (subclass), 5592 (order), 5593 (family), 41687 (genus)	SAPIO_CDS10045
A0A084G0M1	A0A084G0M1	unreviewed	A0A084G0M1_PSEDA	Alcohol oxidase (EC 1.1.3.13)	Pseudallescheria apiosperma (Scedosporium apiospermum)	696	1.1.3.13	563466	cellular organisms (no rank), Eukaryota (superkingdom), Opisthokonta (clade), Fungi (kingdom), Dikarya (subkingdom), Ascomycota (phylum), saccharomyceta (clade), Pezizomycotina (subphylum), leotiomyceta (clade), sordariomyceta (clade), Sordariomycetes (class), Hypocreomycetidae (subclass), Microascales (order), Microascaceae (family), Scedosporium (genus)	131567 (no rank), 2759 (superkingdom), 33154 (clade), 4751 (kingdom), 451864 (subkingdom), 4890 (phylum), 716545 (clade), 147538 (subphylum), 716546 (clade), 715989 (clade), 147550 (class), 222543 (subclass), 5592 (order), 5593 (family), 41687 (genus)	SAPIO_CDS7949
A0A084G7M0	A0A084G7M0	unreviewed	A0A084G7M0_PSEDA	Alcohol oxidase (EC 1.1.3.13)	Pseudallescheria apiosperma (Scedosporium apiospermum)	629	1.1.3.13	563466	cellular organisms (no rank), Eukaryota (superkingdom), Opisthokonta (clade), Fungi (kingdom), Dikarya (subkingdom), Ascomycota (phylum), saccharomyceta (clade), Pezizomycotina (subphylum), leotiomyceta (clade), sordariomyceta (clade), Sordariomycetes (class), Hypocreomycetidae (subclass), Microascales (order), Microascaceae (family), Scedosporium (genus)	131567 (no rank), 2759 (superkingdom), 33154 (clade), 4751 (kingdom), 451864 (subkingdom), 4890 (phylum), 716545 (clade), 147538 (subphylum), 716546 (clade), 715989 (clade), 147550 (class), 222543 (subclass), 5592 (order), 5593 (family), 41687 (genus)	SAPIO_CDS4783
A0A084GBF2	A0A084GBF2	unreviewed	A0A084GBF2_PSEDA	Alcohol oxidase (EC 1.1.3.13)	Pseudallescheria apiosperma (Scedosporium apiospermum)	656	1.1.3.13	563466	cellular organisms (no rank), Eukaryota (superkingdom), Opisthokonta (clade), Fungi (kingdom), Dikarya (subkingdom), Ascomycota (phylum), saccharomyceta (clade), Pezizomycotina (subphylum), leotiomyceta (clade), sordariomyceta (clade), Sordariomycetes (class), Hypocreomycetidae (subclass), Microascales (order), Microascaceae (family), Scedosporium (genus)	131567 (no rank), 2759 (superkingdom), 33154 (clade), 4751 (kingdom), 451864 (subkingdom), 4890 (phylum), 716545 (clade), 147538 (subphylum), 716546 (clade), 715989 (clade), 147550 (class), 222543 (subclass), 5592 (order), 5593 (family), 41687 (genus)	SAPIO_CDS2736
A0A084GCK7	A0A084GCK7	unreviewed	A0A084GCK7_PSEDA	alcohol oxidase (EC 1.1.3.13)	Pseudallescheria apiosperma (Scedosporium apiospermum)	675	1.1.3.13	563466	cellular organisms (no rank), Eukaryota (superkingdom), Opisthokonta (clade), Fungi (kingdom), Dikarya (subkingdom), Ascomycota (phylum), saccharomyceta (clade), Pezizomycotina (subphylum), leotiomyceta (clade), sordariomyceta (clade), Sordariomycetes (class), Hypocreomycetidae (subclass), Microascales (order), Microascaceae (family), Scedosporium (genus)	131567 (no rank), 2759 (superkingdom), 33154 (clade), 4751 (kingdom), 451864 (subkingdom), 4890 (phylum), 716545 (clade), 147538 (subphylum), 716546 (clade), 715989 (clade), 147550 (class), 222543 (subclass), 5592 (order), 5593 (family), 41687 (genus)	SAPIO_CDS2494
A0A1B2JBK5	A0A1B2JBK5	unreviewed	A0A1B2JBK5_PICPA	alcohol oxidase (EC 1.1.3.13)	Komagataella pastoris (Yeast) (Pichia pastoris)	663	1.1.3.13	4922	cellular organisms (no rank), Eukaryota (superkingdom), Opisthokonta (clade), Fungi (kingdom), Dikarya (subkingdom), Ascomycota (phylum), saccharomyceta (clade), Saccharomycotina (subphylum), Saccharomycetes (class), Saccharomycetales (order), Pichiaceae (family), Komagataella (genus)	131567 (no rank), 2759 (superkingdom), 33154 (clade), 4751 (kingdom), 451864 (subkingdom), 4890 (phylum), 716545 (clade), 147537 (subphylum), 4891 (class), 4892 (order), 1156497 (family), 460517 (genus)	ATY40_BA7503165
A0A1B2JII2	A0A1B2JII2	unreviewed	A0A1B2JII2_PICPA	alcohol oxidase (EC 1.1.3.13)	Komagataella pastoris (Yeast) (Pichia pastoris)	663	1.1.3.13	4922	cellular organisms (no rank), Eukaryota (superkingdom), Opisthokonta (clade), Fungi (kingdom), Dikarya (subkingdom), Ascomycota (phylum), saccharomyceta (clade), Saccharomycotina (subphylum), Saccharomycetes (class), Saccharomycetales (order), Pichiaceae (family), Komagataella (genus)	131567 (no rank), 2759 (superkingdom), 33154 (clade), 4751 (kingdom), 451864 (subkingdom), 4890 (phylum), 716545 (clade), 147537 (subphylum), 4891 (class), 4892 (order), 1156497 (family), 460517 (genus)	ATY40_BA7504486
A0A1B7SJY0	A0A1B7SJY0	unreviewed	A0A1B7SJY0_9ASCO	alcohol oxidase (EC 1.1.3.13)	Ogataea polymorpha	664	1.1.3.13	460523	cellular organisms (no rank), Eukaryota (superkingdom), Opisthokonta (clade), Fungi (kingdom), Dikarya (subkingdom), Ascomycota (phylum), saccharomyceta (clade), Saccharomycotina (subphylum), Saccharomycetes (class), Saccharomycetales (order), Pichiaceae (family), Ogataea (genus)	131567 (no rank), 2759 (superkingdom), 33154 (clade), 4751 (kingdom), 451864 (subkingdom), 4890 (phylum), 716545 (clade), 147537 (subphylum), 4891 (class), 4892 (order), 1156497 (family), 461281 (genus)	OGATHE_006181
A0A1D8N7R0	A0A1D8N7R0	unreviewed	A0A1D8N7R0_YARLL	Glucose-methanol-choline oxidoreductase N-terminal domain-containing protein	Yarrowia lipolytica (Candida lipolytica)	609		4952	cellular organisms (no rank), Eukaryota (superkingdom), Opisthokonta (clade), Fungi (kingdom), Dikarya (subkingdom), Ascomycota (phylum), saccharomyceta (clade), Saccharomycotina (subphylum), Saccharomycetes (class), Saccharomycetales (order), Dipodascaceae (family), Yarrowia (genus)	131567 (no rank), 2759 (superkingdom), 33154 (clade), 4751 (kingdom), 451864 (subkingdom), 4890 (phylum), 716545 (clade), 147537 (subphylum), 4891 (class), 4892 (order), 34353 (family), 4951 (genus)	B0I71DRAFT_130239 YALI1_B18572g
A0A1E3PW31	A0A1E3PW31	unreviewed	A0A1E3PW31_LIPST	Glucose-methanol-choline oxidoreductase N-terminal domain-containing protein	Lipomyces starkeyi NRRL Y-11557	602		675824	cellular organisms (no rank), Eukaryota (superkingdom), Opisthokonta (clade), Fungi (kingdom), Dikarya (subkingdom), Ascomycota (phylum), saccharomyceta (clade), Saccharomycotina (subphylum), Saccharomycetes (class), Saccharomycetales (order), Lipomycetaceae (family), Lipomyces (genus), Lipomyces starkeyi (species)	131567 (no rank), 2759 (superkingdom), 33154 (clade), 4751 (kingdom), 451864 (subkingdom), 4890 (phylum), 716545 (clade), 147537 (subphylum), 4891 (class), 4892 (order), 29827 (family), 29828 (genus), 29829 (species)	LIPSTDRAFT_75920
A0A1E3PYZ1	A0A1E3PYZ1	unreviewed	A0A1E3PYZ1_LIPST	Rhodanese domain-containing protein	Lipomyces starkeyi NRRL Y-11557	1238		675824	cellular organisms (no rank), Eukaryota (superkingdom), Opisthokonta (clade), Fungi (kingdom), Dikarya (subkingdom), Ascomycota (phylum), saccharomyceta (clade), Saccharomycotina (subphylum), Saccharomycetes (class), Saccharomycetales (order), Lipomycetaceae (family), Lipomyces (genus), Lipomyces starkeyi (species)	131567 (no rank), 2759 (superkingdom), 33154 (clade), 4751 (kingdom), 451864 (subkingdom), 4890 (phylum), 716545 (clade), 147537 (subphylum), 4891 (class), 4892 (order), 29827 (family), 29828 (genus), 29829 (species)	LIPSTDRAFT_155707
A0A1E3Q3X1	A0A1E3Q3X1	unreviewed	A0A1E3Q3X1_LIPST	Glucose-methanol-choline oxidoreductase N-terminal domain-containing protein	Lipomyces starkeyi NRRL Y-11557	580		675824	cellular organisms (no rank), Eukaryota (superkingdom), Opisthokonta (clade), Fungi (kingdom), Dikarya (subkingdom), Ascomycota (phylum), saccharomyceta (clade), Saccharomycotina (subphylum), Saccharomycetes (class), Saccharomycetales (order), Lipomycetaceae (family), Lipomyces (genus), Lipomyces starkeyi (species)	131567 (no rank), 2759 (superkingdom), 33154 (clade), 4751 (kingdom), 451864 (subkingdom), 4890 (phylum), 716545 (clade), 147537 (subphylum), 4891 (class), 4892 (order), 29827 (family), 29828 (genus), 29829 (species)	LIPSTDRAFT_3777
A0A1E3QC55	A0A1E3QC55	unreviewed	A0A1E3QC55_LIPST	Uncharacterized protein	Lipomyces starkeyi NRRL Y-11557	375		675824	cellular organisms (no rank), Eukaryota (superkingdom), Opisthokonta (clade), Fungi (kingdom), Dikarya (subkingdom), Ascomycota (phylum), saccharomyceta (clade), Saccharomycotina (subphylum), Saccharomycetes (class), Saccharomycetales (order), Lipomycetaceae (family), Lipomyces (genus), Lipomyces starkeyi (species)	131567 (no rank), 2759 (superkingdom), 33154 (clade), 4751 (kingdom), 451864 (subkingdom), 4890 (phylum), 716545 (clade), 147537 (subphylum), 4891 (class), 4892 (order), 29827 (family), 29828 (genus), 29829 (species)	LIPSTDRAFT_69490
A0A1E4SXY7	A0A1E4SXY7	unreviewed	A0A1E4SXY7_9ASCO	Glucose-methanol-choline oxidoreductase N-terminal domain-containing protein	[Candida] arabinofermentans NRRL YB-2248	664		983967	cellular organisms (no rank), Eukaryota (superkingdom), Opisthokonta (clade), Fungi (kingdom), Dikarya (subkingdom), Ascomycota (phylum), saccharomyceta (clade), Saccharomycotina (subphylum), Saccharomycetes (class), Saccharomycetales (order), Pichiaceae (family), Ogataea (genus), Ogataea/Candida clade (clade), [Candida] arabinofermentans (species)	131567 (no rank), 2759 (superkingdom), 33154 (clade), 4751 (kingdom), 451864 (subkingdom), 4890 (phylum), 716545 (clade), 147537 (subphylum), 4891 (class), 4892 (order), 1156497 (family), 461281 (genus), 1540042 (clade), 130810 (species)	CANARDRAFT_201106
A0A1E4SZH3	A0A1E4SZH3	unreviewed	A0A1E4SZH3_9ASCO	Glucose-methanol-choline oxidoreductase N-terminal domain-containing protein	[Candida] arabinofermentans NRRL YB-2248	664		983967	cellular organisms (no rank), Eukaryota (superkingdom), Opisthokonta (clade), Fungi (kingdom), Dikarya (subkingdom), Ascomycota (phylum), saccharomyceta (clade), Saccharomycotina (subphylum), Saccharomycetes (class), Saccharomycetales (order), Pichiaceae (family), Ogataea (genus), Ogataea/Candida clade (clade), [Candida] arabinofermentans (species)	131567 (no rank), 2759 (superkingdom), 33154 (clade), 4751 (kingdom), 451864 (subkingdom), 4890 (phylum), 716545 (clade), 147537 (subphylum), 4891 (class), 4892 (order), 1156497 (family), 461281 (genus), 1540042 (clade), 130810 (species)	CANARDRAFT_199901
A0A1E4T6V9	A0A1E4T6V9	unreviewed	A0A1E4T6V9_9ASCO	Glucose-methanol-choline oxidoreductase N-terminal domain-containing protein	[Candida] arabinofermentans NRRL YB-2248	665		983967	cellular organisms (no rank), Eukaryota (superkingdom), Opisthokonta (clade), Fungi (kingdom), Dikarya (subkingdom), Ascomycota (phylum), saccharomyceta (clade), Saccharomycotina (subphylum), Saccharomycetes (class), Saccharomycetales (order), Pichiaceae (family), Ogataea (genus), Ogataea/Candida clade (clade), [Candida] arabinofermentans (species)	131567 (no rank), 2759 (superkingdom), 33154 (clade), 4751 (kingdom), 451864 (subkingdom), 4890 (phylum), 716545 (clade), 147537 (subphylum), 4891 (class), 4892 (order), 1156497 (family), 461281 (genus), 1540042 (clade), 130810 (species)	CANARDRAFT_26908
A0A1G4MGC2	A0A1G4MGC2	unreviewed	A0A1G4MGC2_LACFM	LAFE_0F18206g1_1	Lachancea fermentati (Zygosaccharomyces fermentati)	577		4955	cellular organisms (no rank), Eukaryota (superkingdom), Opisthokonta (clade), Fungi (kingdom), Dikarya (subkingdom), Ascomycota (phylum), saccharomyceta (clade), Saccharomycotina (subphylum), Saccharomycetes (class), Saccharomycetales (order), Saccharomycetaceae (family), Lachancea (genus)	131567 (no rank), 2759 (superkingdom), 33154 (clade), 4751 (kingdom), 451864 (subkingdom), 4890 (phylum), 716545 (clade), 147537 (subphylum), 4891 (class), 4892 (order), 4893 (family), 300275 (genus)	LAFE_0F18206G
A0A1Q2ZZ65	A0A1Q2ZZ65	unreviewed	A0A1Q2ZZ65_ZYGRO	Glucose-methanol-choline oxidoreductase N-terminal domain-containing protein	Zygosaccharomyces rouxii (Candida mogii)	576		4956	cellular organisms (no rank), Eukaryota (superkingdom), Opisthokonta (clade), Fungi (kingdom), Dikarya (subkingdom), Ascomycota (phylum), saccharomyceta (clade), Saccharomycotina (subphylum), Saccharomycetes (class), Saccharomycetales (order), Saccharomycetaceae (family), Zygosaccharomyces (genus)	131567 (no rank), 2759 (superkingdom), 33154 (clade), 4751 (kingdom), 451864 (subkingdom), 4890 (phylum), 716545 (clade), 147537 (subphylum), 4891 (class), 4892 (order), 4893 (family), 4953 (genus)	ZYGR_0M00240
A0A1Q3A4E0	A0A1Q3A4E0	unreviewed	A0A1Q3A4E0_ZYGRO	Glucose-methanol-choline oxidoreductase N-terminal domain-containing protein	Zygosaccharomyces rouxii (Candida mogii)	491		4956	cellular organisms (no rank), Eukaryota (superkingdom), Opisthokonta (clade), Fungi (kingdom), Dikarya (subkingdom), Ascomycota (phylum), saccharomyceta (clade), Saccharomycotina (subphylum), Saccharomycetes (class), Saccharomycetales (order), Saccharomycetaceae (family), Zygosaccharomyces (genus)	131567 (no rank), 2759 (superkingdom), 33154 (clade), 4751 (kingdom), 451864 (subkingdom), 4890 (phylum), 716545 (clade), 147537 (subphylum), 4891 (class), 4892 (order), 4893 (family), 4953 (genus)	ZYGR_0Y00260
A0A421JRD1	A0A421JRD1	unreviewed	A0A421JRD1_9ASCO	Long-chain-alcohol oxidase FAO2	Spathaspora sp. JA1	1393		2028339	cellular organisms (no rank), Eukaryota (superkingdom), Opisthokonta (clade), Fungi (kingdom), Dikarya (subkingdom), Ascomycota (phylum), saccharomyceta (clade), Saccharomycotina (subphylum), Saccharomycetes (class), Saccharomycetales (order), CUG-Ser1 clade (clade), Debaryomycetaceae (family), Spathaspora (genus), unclassified Spathaspora (no rank)	131567 (no rank), 2759 (superkingdom), 33154 (clade), 4751 (kingdom), 451864 (subkingdom), 4890 (phylum), 716545 (clade), 147537 (subphylum), 4891 (class), 4892 (order), 2916678 (clade), 766764 (family), 412764 (genus), 2623417 (no rank)	JA1_001902
A0A4C2EBY4	A0A4C2EBY4	unreviewed	A0A4C2EBY4_9SACH	Glucose-methanol-choline oxidoreductase N-terminal domain-containing protein	Zygosaccharomyces mellis	598		42258	cellular organisms (no rank), Eukaryota (superkingdom), Opisthokonta (clade), Fungi (kingdom), Dikarya (subkingdom), Ascomycota (phylum), saccharomyceta (clade), Saccharomycotina (subphylum), Saccharomycetes (class), Saccharomycetales (order), Saccharomycetaceae (family), Zygosaccharomyces (genus)	131567 (no rank), 2759 (superkingdom), 33154 (clade), 4751 (kingdom), 451864 (subkingdom), 4890 (phylum), 716545 (clade), 147537 (subphylum), 4891 (class), 4892 (order), 4893 (family), 4953 (genus)	ZYGM_000350
A0A4C2EFJ1	A0A4C2EFJ1	unreviewed	A0A4C2EFJ1_9SACH	Glucose-methanol-choline oxidoreductase N-terminal domain-containing protein	Zygosaccharomyces mellis	576		42258	cellular organisms (no rank), Eukaryota (superkingdom), Opisthokonta (clade), Fungi (kingdom), Dikarya (subkingdom), Ascomycota (phylum), saccharomyceta (clade), Saccharomycotina (subphylum), Saccharomycetes (class), Saccharomycetales (order), Saccharomycetaceae (family), Zygosaccharomyces (genus)	131567 (no rank), 2759 (superkingdom), 33154 (clade), 4751 (kingdom), 451864 (subkingdom), 4890 (phylum), 716545 (clade), 147537 (subphylum), 4891 (class), 4892 (order), 4893 (family), 4953 (genus)	ZYGM_000111
A0A642UJ42	A0A642UJ42	unreviewed	A0A642UJ42_9ASCO	Glucose-methanol-choline oxidoreductase N-terminal domain-containing protein	Trichomonascus ciferrii	545		44093	cellular organisms (no rank), Eukaryota (superkingdom), Opisthokonta (clade), Fungi (kingdom), Dikarya (subkingdom), Ascomycota (phylum), saccharomyceta (clade), Saccharomycotina (subphylum), Saccharomycetes (class), Saccharomycetales (order), Trichomonascaceae (family), Trichomonascus (genus), Trichomonascus ciferrii complex (no rank)	131567 (no rank), 2759 (superkingdom), 33154 (clade), 4751 (kingdom), 451864 (subkingdom), 4890 (phylum), 716545 (clade), 147537 (subphylum), 4891 (class), 4892 (order), 410830 (family), 229045 (genus), 191332 (no rank)	TRICI_006900
A0A642V8X8	A0A642V8X8	unreviewed	A0A642V8X8_9ASCO	Glucose-methanol-choline oxidoreductase N-terminal domain-containing protein	Trichomonascus ciferrii	531		44093	cellular organisms (no rank), Eukaryota (superkingdom), Opisthokonta (clade), Fungi (kingdom), Dikarya (subkingdom), Ascomycota (phylum), saccharomyceta (clade), Saccharomycotina (subphylum), Saccharomycetes (class), Saccharomycetales (order), Trichomonascaceae (family), Trichomonascus (genus), Trichomonascus ciferrii complex (no rank)	131567 (no rank), 2759 (superkingdom), 33154 (clade), 4751 (kingdom), 451864 (subkingdom), 4890 (phylum), 716545 (clade), 147537 (subphylum), 4891 (class), 4892 (order), 410830 (family), 229045 (genus), 191332 (no rank)	TRICI_003441
A0A642VDA0	A0A642VDA0	unreviewed	A0A642VDA0_9ASCO	Glucose-methanol-choline oxidoreductase N-terminal domain-containing protein	Trichomonascus ciferrii	663		44093	cellular organisms (no rank), Eukaryota (superkingdom), Opisthokonta (clade), Fungi (kingdom), Dikarya (subkingdom), Ascomycota (phylum), saccharomyceta (clade), Saccharomycotina (subphylum), Saccharomycetes (class), Saccharomycetales (order), Trichomonascaceae (family), Trichomonascus (genus), Trichomonascus ciferrii complex (no rank)	131567 (no rank), 2759 (superkingdom), 33154 (clade), 4751 (kingdom), 451864 (subkingdom), 4890 (phylum), 716545 (clade), 147537 (subphylum), 4891 (class), 4892 (order), 410830 (family), 229045 (genus), 191332 (no rank)	TRICI_000495
A0A8H7ZJI5	A0A8H7ZJI5	unreviewed	A0A8H7ZJI5_9ASCO	Long-chain-alcohol oxidase	Candida metapsilosis	2066		273372	cellular organisms (no rank), Eukaryota (superkingdom), Opisthokonta (clade), Fungi (kingdom), Dikarya (subkingdom), Ascomycota (phylum), saccharomyceta (clade), Saccharomycotina (subphylum), Saccharomycetes (class), Saccharomycetales (order), CUG-Ser1 clade (clade), Debaryomycetaceae (family), Candida/Lodderomyces clade (clade), Candida (genus)	131567 (no rank), 2759 (superkingdom), 33154 (clade), 4751 (kingdom), 451864 (subkingdom), 4890 (phylum), 716545 (clade), 147537 (subphylum), 4891 (class), 4892 (order), 2916678 (clade), 766764 (family), 1535325 (clade), 5475 (genus)	I9W82_002364
A0A8J5BKG4	A0A8J5BKG4	unreviewed	A0A8J5BKG4_9ASCO	Glucose oxidase (EC 1.1.3.4)	Yarrowia sp. B02	609	1.1.3.4	2768839	cellular organisms (no rank), Eukaryota (superkingdom), Opisthokonta (clade), Fungi (kingdom), Dikarya (subkingdom), Ascomycota (phylum), saccharomyceta (clade), Saccharomycotina (subphylum), Saccharomycetes (class), Saccharomycetales (order), Dipodascaceae (family), Yarrowia (genus), unclassified Yarrowia (no rank)	131567 (no rank), 2759 (superkingdom), 33154 (clade), 4751 (kingdom), 451864 (subkingdom), 4890 (phylum), 716545 (clade), 147537 (subphylum), 4891 (class), 4892 (order), 34353 (family), 4951 (genus), 2630442 (no rank)	CJU89_3414
A0A8J5CMB5	A0A8J5CMB5	unreviewed	A0A8J5CMB5_9ASCO	Oxygen-dependent choline dehydrogenase (EC 1.1.99.1)	Yarrowia sp. E02	609	1.1.99.1	2768841	cellular organisms (no rank), Eukaryota (superkingdom), Opisthokonta (clade), Fungi (kingdom), Dikarya (subkingdom), Ascomycota (phylum), saccharomyceta (clade), Saccharomycotina (subphylum), Saccharomycetes (class), Saccharomycetales (order), Dipodascaceae (family), Yarrowia (genus), unclassified Yarrowia (no rank)	131567 (no rank), 2759 (superkingdom), 33154 (clade), 4751 (kingdom), 451864 (subkingdom), 4890 (phylum), 716545 (clade), 147537 (subphylum), 4891 (class), 4892 (order), 34353 (family), 4951 (genus), 2630442 (no rank)	CKK34_1827
A0A8J5QSW1	A0A8J5QSW1	unreviewed	A0A8J5QSW1_9ASCO	Long-chain-alcohol oxidase	[Candida] subhashii	702		561895	cellular organisms (no rank), Eukaryota (superkingdom), Opisthokonta (clade), Fungi (kingdom), Dikarya (subkingdom), Ascomycota (phylum), saccharomyceta (clade), Saccharomycotina (subphylum), Saccharomycetes (class), Saccharomycetales (order), CUG-Ser1 clade (clade), Debaryomycetaceae (family), Spathaspora (genus)	131567 (no rank), 2759 (superkingdom), 33154 (clade), 4751 (kingdom), 451864 (subkingdom), 4890 (phylum), 716545 (clade), 147537 (subphylum), 4891 (class), 4892 (order), 2916678 (clade), 766764 (family), 412764 (genus)	J8A68_001892
A0A977TIR6	A0A977TIR6	unreviewed	A0A977TIR6_PHACH	Alcohol oxidase (EC 1.1.3.13)	Phanerodontia chrysosporium (White-rot fungus) (Sporotrichum pruinosum)	653	1.1.3.13	2822231	cellular organisms (no rank), Eukaryota (superkingdom), Opisthokonta (clade), Fungi (kingdom), Dikarya (subkingdom), Basidiomycota (phylum), Agaricomycotina (subphylum), Agaricomycetes (class), Agaricomycetes incertae sedis (no rank), Polyporales (order), Phanerochaetaceae (family), Phanerodontia (genus)	131567 (no rank), 2759 (superkingdom), 33154 (clade), 4751 (kingdom), 451864 (subkingdom), 5204 (phylum), 5302 (subphylum), 155619 (class), 355688 (no rank), 5303 (order), 396331 (family), 2492674 (genus)	AOX
A5LGD9	A5LGD9	unreviewed	A5LGD9_9ASCO	Alcohol oxidase 1 (EC 1.1.3.13)	[Candida] sonorensis	656	1.1.3.13	51926	cellular organisms (no rank), Eukaryota (superkingdom), Opisthokonta (clade), Fungi (kingdom), Dikarya (subkingdom), Ascomycota (phylum), saccharomyceta (clade), Saccharomycotina (subphylum), Saccharomycetes (class), Saccharomycetales (order), Pichiaceae (family), Ogataea (genus), Ogataea/Candida clade (clade)	131567 (no rank), 2759 (superkingdom), 33154 (clade), 4751 (kingdom), 451864 (subkingdom), 4890 (phylum), 716545 (clade), 147537 (subphylum), 4891 (class), 4892 (order), 1156497 (family), 461281 (genus), 1540042 (clade)	AOD1
A5LGE1	A5LGE1	unreviewed	A5LGE1_9ASCO	Alcohol oxidase 1 (EC 1.1.3.13)	Ogataea pignaliae	639	1.1.3.13	51923	cellular organisms (no rank), Eukaryota (superkingdom), Opisthokonta (clade), Fungi (kingdom), Dikarya (subkingdom), Ascomycota (phylum), saccharomyceta (clade), Saccharomycotina (subphylum), Saccharomycetes (class), Saccharomycetales (order), Pichiaceae (family), Ogataea (genus)	131567 (no rank), 2759 (superkingdom), 33154 (clade), 4751 (kingdom), 451864 (subkingdom), 4890 (phylum), 716545 (clade), 147537 (subphylum), 4891 (class), 4892 (order), 1156497 (family), 461281 (genus)	AOD1
A5LGE2	A5LGE2	unreviewed	A5LGE2_9ASCO	Alcohol oxidase 2 (EC 1.1.3.13)	Ogataea pignaliae	656	1.1.3.13	51923	cellular organisms (no rank), Eukaryota (superkingdom), Opisthokonta (clade), Fungi (kingdom), Dikarya (subkingdom), Ascomycota (phylum), saccharomyceta (clade), Saccharomycotina (subphylum), Saccharomycetes (class), Saccharomycetales (order), Pichiaceae (family), Ogataea (genus)	131567 (no rank), 2759 (superkingdom), 33154 (clade), 4751 (kingdom), 451864 (subkingdom), 4890 (phylum), 716545 (clade), 147537 (subphylum), 4891 (class), 4892 (order), 1156497 (family), 461281 (genus)	AOD2
A6PZG7	A6PZG7	unreviewed	A6PZG7_PICAN	Alcohol oxidase (EC 1.1.3.13)	Pichia angusta (Yeast) (Hansenula polymorpha)	664	1.1.3.13	870730	cellular organisms (no rank), Eukaryota (superkingdom), Opisthokonta (clade), Fungi (kingdom), Dikarya (subkingdom), Ascomycota (phylum), saccharomyceta (clade), Saccharomycotina (subphylum), Saccharomycetes (class), Saccharomycetales (order), Pichiaceae (family), Ogataea (genus)	131567 (no rank), 2759 (superkingdom), 33154 (clade), 4751 (kingdom), 451864 (subkingdom), 4890 (phylum), 716545 (clade), 147537 (subphylum), 4891 (class), 4892 (order), 1156497 (family), 461281 (genus)	mox1
A6PZG8	A6PZG8	unreviewed	A6PZG8_PICAN	Alcohol oxidase (EC 1.1.3.13)	Pichia angusta (Yeast) (Hansenula polymorpha)	664	1.1.3.13	870730	cellular organisms (no rank), Eukaryota (superkingdom), Opisthokonta (clade), Fungi (kingdom), Dikarya (subkingdom), Ascomycota (phylum), saccharomyceta (clade), Saccharomycotina (subphylum), Saccharomycetes (class), Saccharomycetales (order), Pichiaceae (family), Ogataea (genus)	131567 (no rank), 2759 (superkingdom), 33154 (clade), 4751 (kingdom), 451864 (subkingdom), 4890 (phylum), 716545 (clade), 147537 (subphylum), 4891 (class), 4892 (order), 1156497 (family), 461281 (genus)	mox1
A6PZG9	A6PZG9	unreviewed	A6PZG9_PICAN	Alcohol oxidase (EC 1.1.3.13)	Pichia angusta (Yeast) (Hansenula polymorpha)	664	1.1.3.13	870730	cellular organisms (no rank), Eukaryota (superkingdom), Opisthokonta (clade), Fungi (kingdom), Dikarya (subkingdom), Ascomycota (phylum), saccharomyceta (clade), Saccharomycotina (subphylum), Saccharomycetes (class), Saccharomycetales (order), Pichiaceae (family), Ogataea (genus)	131567 (no rank), 2759 (superkingdom), 33154 (clade), 4751 (kingdom), 451864 (subkingdom), 4890 (phylum), 716545 (clade), 147537 (subphylum), 4891 (class), 4892 (order), 1156497 (family), 461281 (genus)	mox1
A9ZSY8	A9ZSY8	unreviewed	A9ZSY8_9ASCO	Formate oxidase 1	Schwanniomyces vanrijiae	576		27305	cellular organisms (no rank), Eukaryota (superkingdom), Opisthokonta (clade), Fungi (kingdom), Dikarya (subkingdom), Ascomycota (phylum), saccharomyceta (clade), Saccharomycotina (subphylum), Saccharomycetes (class), Saccharomycetales (order), CUG-Ser1 clade (clade), Debaryomycetaceae (family), Schwanniomyces (genus)	131567 (no rank), 2759 (superkingdom), 33154 (clade), 4751 (kingdom), 451864 (subkingdom), 4890 (phylum), 716545 (clade), 147537 (subphylum), 4891 (class), 4892 (order), 2916678 (clade), 766764 (family), 766758 (genus)	FOD1
A9ZSY9	A9ZSY9	unreviewed	A9ZSY9_9ASCO	Formate oxidase 2	Schwanniomyces vanrijiae	576		27305	cellular organisms (no rank), Eukaryota (superkingdom), Opisthokonta (clade), Fungi (kingdom), Dikarya (subkingdom), Ascomycota (phylum), saccharomyceta (clade), Saccharomycotina (subphylum), Saccharomycetes (class), Saccharomycetales (order), CUG-Ser1 clade (clade), Debaryomycetaceae (family), Schwanniomyces (genus)	131567 (no rank), 2759 (superkingdom), 33154 (clade), 4751 (kingdom), 451864 (subkingdom), 4890 (phylum), 716545 (clade), 147537 (subphylum), 4891 (class), 4892 (order), 2916678 (clade), 766764 (family), 766758 (genus)	FOD2
A9ZSZ0	A9ZSZ0	unreviewed	A9ZSZ0_9ASCO	Formate oxidase 3	Schwanniomyces vanrijiae	576		27305	cellular organisms (no rank), Eukaryota (superkingdom), Opisthokonta (clade), Fungi (kingdom), Dikarya (subkingdom), Ascomycota (phylum), saccharomyceta (clade), Saccharomycotina (subphylum), Saccharomycetes (class), Saccharomycetales (order), CUG-Ser1 clade (clade), Debaryomycetaceae (family), Schwanniomyces (genus)	131567 (no rank), 2759 (superkingdom), 33154 (clade), 4751 (kingdom), 451864 (subkingdom), 4890 (phylum), 716545 (clade), 147537 (subphylum), 4891 (class), 4892 (order), 2916678 (clade), 766764 (family), 766758 (genus)	FOD3
C5DZ68	C5DZ68	unreviewed	C5DZ68_ZYGRC	ZYRO0F18634p	Zygosaccharomyces rouxii (strain ATCC 2623 / CBS 732 / NBRC 1130 / NCYC 568 / NRRL Y-229) (Candida mogii)	576		559307	cellular organisms (no rank), Eukaryota (superkingdom), Opisthokonta (clade), Fungi (kingdom), Dikarya (subkingdom), Ascomycota (phylum), saccharomyceta (clade), Saccharomycotina (subphylum), Saccharomycetes (class), Saccharomycetales (order), Saccharomycetaceae (family), Zygosaccharomyces (genus), Zygosaccharomyces rouxii (species)	131567 (no rank), 2759 (superkingdom), 33154 (clade), 4751 (kingdom), 451864 (subkingdom), 4890 (phylum), 716545 (clade), 147537 (subphylum), 4891 (class), 4892 (order), 4893 (family), 4953 (genus), 4956 (species)	ZYRO0F18634g
C5E503	C5E503	unreviewed	C5E503_ZYGRC	ZYRO0E10340p	Zygosaccharomyces rouxii (strain ATCC 2623 / CBS 732 / NBRC 1130 / NCYC 568 / NRRL Y-229) (Candida mogii)	522		559307	cellular organisms (no rank), Eukaryota (superkingdom), Opisthokonta (clade), Fungi (kingdom), Dikarya (subkingdom), Ascomycota (phylum), saccharomyceta (clade), Saccharomycotina (subphylum), Saccharomycetes (class), Saccharomycetales (order), Saccharomycetaceae (family), Zygosaccharomyces (genus), Zygosaccharomyces rouxii (species)	131567 (no rank), 2759 (superkingdom), 33154 (clade), 4751 (kingdom), 451864 (subkingdom), 4890 (phylum), 716545 (clade), 147537 (subphylum), 4891 (class), 4892 (order), 4893 (family), 4953 (genus), 4956 (species)	ZYRO0E10340g
C5MAH1	C5MAH1	unreviewed	C5MAH1_CANTT	Uncharacterized protein	Candida tropicalis (strain ATCC MYA-3404 / T1) (Yeast)	378		294747	cellular organisms (no rank), Eukaryota (superkingdom), Opisthokonta (clade), Fungi (kingdom), Dikarya (subkingdom), Ascomycota (phylum), saccharomyceta (clade), Saccharomycotina (subphylum), Saccharomycetes (class), Saccharomycetales (order), CUG-Ser1 clade (clade), Debaryomycetaceae (family), Candida/Lodderomyces clade (clade), Candida (genus), Candida tropicalis (species)	131567 (no rank), 2759 (superkingdom), 33154 (clade), 4751 (kingdom), 451864 (subkingdom), 4890 (phylum), 716545 (clade), 147537 (subphylum), 4891 (class), 4892 (order), 2916678 (clade), 766764 (family), 1535325 (clade), 5475 (genus), 5482 (species)	CTRG_03063
G8ZNE6	G8ZNE6	unreviewed	G8ZNE6_TORDE	Glucose-methanol-choline oxidoreductase N-terminal domain-containing protein	Torulaspora delbrueckii (Yeast) (Candida colliculosa)	577		4950	cellular organisms (no rank), Eukaryota (superkingdom), Opisthokonta (clade), Fungi (kingdom), Dikarya (subkingdom), Ascomycota (phylum), saccharomyceta (clade), Saccharomycotina (subphylum), Saccharomycetes (class), Saccharomycetales (order), Saccharomycetaceae (family), Torulaspora (genus)	131567 (no rank), 2759 (superkingdom), 33154 (clade), 4751 (kingdom), 451864 (subkingdom), 4890 (phylum), 716545 (clade), 147537 (subphylum), 4891 (class), 4892 (order), 4893 (family), 4948 (genus)	TDEL0B00110 TDEL_0B00110
M5C9N9	M5C9N9	unreviewed	M5C9N9_THACB	Alcohol oxidase Short=AOX (EC 1.1.3.13)	Thanatephorus cucumeris (strain AG1-IB / isolate 7/3/14) (Lettuce bottom rot fungus) (Rhizoctonia solani)	593	1.1.3.13	1108050	cellular organisms (no rank), Eukaryota (superkingdom), Opisthokonta (clade), Fungi (kingdom), Dikarya (subkingdom), Basidiomycota (phylum), Agaricomycotina (subphylum), Agaricomycetes (class), Agaricomycetes incertae sedis (no rank), Cantharellales (order), Ceratobasidiaceae (family), Rhizoctonia (genus), Rhizoctonia solani (species), Rhizoctonia solani AG-1 (no rank)	131567 (no rank), 2759 (superkingdom), 33154 (clade), 4751 (kingdom), 451864 (subkingdom), 5204 (phylum), 5302 (subphylum), 155619 (class), 355688 (no rank), 36064 (order), 5250 (family), 1322061 (genus), 456999 (species), 2501646 (no rank)	AOD1 BN14_09900
Q1JUK7	Q1JUK7	unreviewed	Q1JUK7_9ASCO	Alcohol oxidase	Ogataea minuta	663		36026	cellular organisms (no rank), Eukaryota (superkingdom), Opisthokonta (clade), Fungi (kingdom), Dikarya (subkingdom), Ascomycota (phylum), saccharomyceta (clade), Saccharomycotina (subphylum), Saccharomycetes (class), Saccharomycetales (order), Pichiaceae (family), Ogataea (genus)	131567 (no rank), 2759 (superkingdom), 33154 (clade), 4751 (kingdom), 451864 (subkingdom), 4890 (phylum), 716545 (clade), 147537 (subphylum), 4891 (class), 4892 (order), 1156497 (family), 461281 (genus)	OmAOX1
Q5S057	Q5S057	unreviewed	Q5S057_CANBO	Alcohol oxidase	Candida boidinii (Yeast)	653		5477	cellular organisms (no rank), Eukaryota (superkingdom), Opisthokonta (clade), Fungi (kingdom), Dikarya (subkingdom), Ascomycota (phylum), saccharomyceta (clade), Saccharomycotina (subphylum), Saccharomycetes (class), Saccharomycetales (order), Pichiaceae (family), Ogataea (genus), Ogataea/Candida clade (clade)	131567 (no rank), 2759 (superkingdom), 33154 (clade), 4751 (kingdom), 451864 (subkingdom), 4890 (phylum), 716545 (clade), 147537 (subphylum), 4891 (class), 4892 (order), 1156497 (family), 461281 (genus), 1540042 (clade)	aox
Q5S058	Q5S058	unreviewed	Q5S058_CANBO	Alcohol oxidase	Candida boidinii (Yeast)	663		5477	cellular organisms (no rank), Eukaryota (superkingdom), Opisthokonta (clade), Fungi (kingdom), Dikarya (subkingdom), Ascomycota (phylum), saccharomyceta (clade), Saccharomycotina (subphylum), Saccharomycetes (class), Saccharomycetales (order), Pichiaceae (family), Ogataea (genus), Ogataea/Candida clade (clade)	131567 (no rank), 2759 (superkingdom), 33154 (clade), 4751 (kingdom), 451864 (subkingdom), 4890 (phylum), 716545 (clade), 147537 (subphylum), 4891 (class), 4892 (order), 1156497 (family), 461281 (genus), 1540042 (clade)	aox
Q5S059	Q5S059	unreviewed	Q5S059_9ASCO	Alcohol oxidase B	Pichia sp. BZ159	664		300826	cellular organisms (no rank), Eukaryota (superkingdom), Opisthokonta (clade), Fungi (kingdom), Dikarya (subkingdom), Ascomycota (phylum), saccharomyceta (clade), Saccharomycotina (subphylum), Saccharomycetes (class), Saccharomycetales (order), Pichiaceae (family), Pichia (genus), unclassified Pichia (no rank)	131567 (no rank), 2759 (superkingdom), 33154 (clade), 4751 (kingdom), 451864 (subkingdom), 4890 (phylum), 716545 (clade), 147537 (subphylum), 4891 (class), 4892 (order), 1156497 (family), 4919 (genus), 2623332 (no rank)	aoxB
Q5S060	Q5S060	unreviewed	Q5S060_9ASCO	Alcohol oxidase A	Pichia sp. BZ159	664		300826	cellular organisms (no rank), Eukaryota (superkingdom), Opisthokonta (clade), Fungi (kingdom), Dikarya (subkingdom), Ascomycota (phylum), saccharomyceta (clade), Saccharomycotina (subphylum), Saccharomycetes (class), Saccharomycetales (order), Pichiaceae (family), Pichia (genus), unclassified Pichia (no rank)	131567 (no rank), 2759 (superkingdom), 33154 (clade), 4751 (kingdom), 451864 (subkingdom), 4890 (phylum), 716545 (clade), 147537 (subphylum), 4891 (class), 4892 (order), 1156497 (family), 4919 (genus), 2623332 (no rank)	aoxA
Q6CEP8	Q6CEP8	unreviewed	Q6CEP8_YARLI	YALI0B14014p	Yarrowia lipolytica (strain CLIB 122 / E 150) (Yeast) (Candida lipolytica)	609		284591	cellular organisms (no rank), Eukaryota (superkingdom), Opisthokonta (clade), Fungi (kingdom), Dikarya (subkingdom), Ascomycota (phylum), saccharomyceta (clade), Saccharomycotina (subphylum), Saccharomycetes (class), Saccharomycetales (order), Dipodascaceae (family), Yarrowia (genus), Yarrowia lipolytica (species)	131567 (no rank), 2759 (superkingdom), 33154 (clade), 4751 (kingdom), 451864 (subkingdom), 4890 (phylum), 716545 (clade), 147537 (subphylum), 4891 (class), 4892 (order), 34353 (family), 4951 (genus), 4952 (species)	YALI0_B14014g
Q6TAW1	Q6TAW1	unreviewed	Q6TAW1_OGAPI	alcohol oxidase (EC 1.1.3.13)	Ogataea pini (Yeast) (Pichia pinus)	663	1.1.3.13	4923	cellular organisms (no rank), Eukaryota (superkingdom), Opisthokonta (clade), Fungi (kingdom), Dikarya (subkingdom), Ascomycota (phylum), saccharomyceta (clade), Saccharomycotina (subphylum), Saccharomycetes (class), Saccharomycetales (order), Pichiaceae (family), Ogataea (genus)	131567 (no rank), 2759 (superkingdom), 33154 (clade), 4751 (kingdom), 451864 (subkingdom), 4890 (phylum), 716545 (clade), 147537 (subphylum), 4891 (class), 4892 (order), 1156497 (family), 461281 (genus)	
Q9UVU1	Q9UVU1	unreviewed	Q9UVU1_OGAME	Alcohol oxidase 2	Ogataea methanolica (Yeast) (Pichia methanolica)	663		1156966	cellular organisms (no rank), Eukaryota (superkingdom), Opisthokonta (clade), Fungi (kingdom), Dikarya (subkingdom), Ascomycota (phylum), saccharomyceta (clade), Saccharomycotina (subphylum), Saccharomycetes (class), Saccharomycetales (order), Pichiaceae (family), Ogataea (genus)	131567 (no rank), 2759 (superkingdom), 33154 (clade), 4751 (kingdom), 451864 (subkingdom), 4890 (phylum), 716545 (clade), 147537 (subphylum), 4891 (class), 4892 (order), 1156497 (family), 461281 (genus)	MOD2
Q9UVU2	Q9UVU2	unreviewed	Q9UVU2_OGAME	Alcohol oxidase 1	Ogataea methanolica (Yeast) (Pichia methanolica)	664		1156966	cellular organisms (no rank), Eukaryota (superkingdom), Opisthokonta (clade), Fungi (kingdom), Dikarya (subkingdom), Ascomycota (phylum), saccharomyceta (clade), Saccharomycotina (subphylum), Saccharomycetes (class), Saccharomycetales (order), Pichiaceae (family), Ogataea (genus)	131567 (no rank), 2759 (superkingdom), 33154 (clade), 4751 (kingdom), 451864 (subkingdom), 4890 (phylum), 716545 (clade), 147537 (subphylum), 4891 (class), 4892 (order), 1156497 (family), 461281 (genus)	MOD1
W1QCJ3	W1QCJ3	unreviewed	W1QCJ3_OGAPD	Alcohol oxidase (EC 1.1.3.13)	Ogataea parapolymorpha (strain ATCC 26012 / BCRC 20466 / JCM 22074 / NRRL Y-7560 / DL-1) (Yeast) (Hansenula polymorpha)	664	1.1.3.13	871575	cellular organisms (no rank), Eukaryota (superkingdom), Opisthokonta (clade), Fungi (kingdom), Dikarya (subkingdom), Ascomycota (phylum), saccharomyceta (clade), Saccharomycotina (subphylum), Saccharomycetes (class), Saccharomycetales (order), Pichiaceae (family), Ogataea (genus), Ogataea parapolymorpha (species)	131567 (no rank), 2759 (superkingdom), 33154 (clade), 4751 (kingdom), 451864 (subkingdom), 4890 (phylum), 716545 (clade), 147537 (subphylum), 4891 (class), 4892 (order), 1156497 (family), 461281 (genus), 1005962 (species)	HPODL_03886
W6MF75	W6MF75	unreviewed	W6MF75_9ASCO	alcohol oxidase (EC 1.1.3.13)	Kuraishia capsulata CBS 1993	663	1.1.3.13	1382522	cellular organisms (no rank), Eukaryota (superkingdom), Opisthokonta (clade), Fungi (kingdom), Dikarya (subkingdom), Ascomycota (phylum), saccharomyceta (clade), Saccharomycotina (subphylum), Saccharomycetes (class), Saccharomycetales (order), Pichiaceae (family), Kuraishia (genus), Kuraishia capsulata (species)	131567 (no rank), 2759 (superkingdom), 33154 (clade), 4751 (kingdom), 451864 (subkingdom), 4890 (phylum), 716545 (clade), 147537 (subphylum), 4891 (class), 4892 (order), 1156497 (family), 317045 (genus), 317047 (species)	KUCA_T00000315001
A0A084FVR4	A0A084FVR4	unreviewed	A0A084FVR4_PSEDA	Alcohol oxidase (EC 1.1.3.13)	Pseudallescheria apiosperma (Scedosporium apiospermum)	596	1.1.3.13	563466	cellular organisms (no rank), Eukaryota (superkingdom), Opisthokonta (clade), Fungi (kingdom), Dikarya (subkingdom), Ascomycota (phylum), saccharomyceta (clade), Pezizomycotina (subphylum), leotiomyceta (clade), sordariomyceta (clade), Sordariomycetes (class), Hypocreomycetidae (subclass), Microascales (order), Microascaceae (family), Scedosporium (genus)	131567 (no rank), 2759 (superkingdom), 33154 (clade), 4751 (kingdom), 451864 (subkingdom), 4890 (phylum), 716545 (clade), 147538 (subphylum), 716546 (clade), 715989 (clade), 147550 (class), 222543 (subclass), 5592 (order), 5593 (family), 41687 (genus)	SAPIO_CDS9833
A0A084FZ29	A0A084FZ29	unreviewed	A0A084FZ29_PSEDA	Alcohol oxidase (EC 1.1.3.13)	Pseudallescheria apiosperma (Scedosporium apiospermum)	638	1.1.3.13	563466	cellular organisms (no rank), Eukaryota (superkingdom), Opisthokonta (clade), Fungi (kingdom), Dikarya (subkingdom), Ascomycota (phylum), saccharomyceta (clade), Pezizomycotina (subphylum), leotiomyceta (clade), sordariomyceta (clade), Sordariomycetes (class), Hypocreomycetidae (subclass), Microascales (order), Microascaceae (family), Scedosporium (genus)	131567 (no rank), 2759 (superkingdom), 33154 (clade), 4751 (kingdom), 451864 (subkingdom), 4890 (phylum), 716545 (clade), 147538 (subphylum), 716546 (clade), 715989 (clade), 147550 (class), 222543 (subclass), 5592 (order), 5593 (family), 41687 (genus)	SAPIO_CDS8185
A0A084GDC9	A0A084GDC9	unreviewed	A0A084GDC9_PSEDA	Alcohol oxidase (EC 1.1.3.13)	Pseudallescheria apiosperma (Scedosporium apiospermum)	823	1.1.3.13	563466	cellular organisms (no rank), Eukaryota (superkingdom), Opisthokonta (clade), Fungi (kingdom), Dikarya (subkingdom), Ascomycota (phylum), saccharomyceta (clade), Pezizomycotina (subphylum), leotiomyceta (clade), sordariomyceta (clade), Sordariomycetes (class), Hypocreomycetidae (subclass), Microascales (order), Microascaceae (family), Scedosporium (genus)	131567 (no rank), 2759 (superkingdom), 33154 (clade), 4751 (kingdom), 451864 (subkingdom), 4890 (phylum), 716545 (clade), 147538 (subphylum), 716546 (clade), 715989 (clade), 147550 (class), 222543 (subclass), 5592 (order), 5593 (family), 41687 (genus)	SAPIO_CDS2154
A0A084GGR8	A0A084GGR8	unreviewed	A0A084GGR8_PSEDA	GMC oxidoreductase (EC 1.1.3.13)	Pseudallescheria apiosperma (Scedosporium apiospermum)	622	1.1.3.13	563466	cellular organisms (no rank), Eukaryota (superkingdom), Opisthokonta (clade), Fungi (kingdom), Dikarya (subkingdom), Ascomycota (phylum), saccharomyceta (clade), Pezizomycotina (subphylum), leotiomyceta (clade), sordariomyceta (clade), Sordariomycetes (class), Hypocreomycetidae (subclass), Microascales (order), Microascaceae (family), Scedosporium (genus)	131567 (no rank), 2759 (superkingdom), 33154 (clade), 4751 (kingdom), 451864 (subkingdom), 4890 (phylum), 716545 (clade), 147538 (subphylum), 716546 (clade), 715989 (clade), 147550 (class), 222543 (subclass), 5592 (order), 5593 (family), 41687 (genus)	SAPIO_CDS0317
A0A0F4Z346	A0A0F4Z346	unreviewed	A0A0F4Z346_TALEM	alcohol oxidase (EC 1.1.3.13)	Rasamsonia emersonii CBS 393.64	674	1.1.3.13	1408163	cellular organisms (no rank), Eukaryota (superkingdom), Opisthokonta (clade), Fungi (kingdom), Dikarya (subkingdom), Ascomycota (phylum), saccharomyceta (clade), Pezizomycotina (subphylum), leotiomyceta (clade), Eurotiomycetes (class), Eurotiomycetidae (subclass), Eurotiales (order), Trichocomaceae (family), Rasamsonia (genus), Talaromyces emersonii (species)	131567 (no rank), 2759 (superkingdom), 33154 (clade), 4751 (kingdom), 451864 (subkingdom), 4890 (phylum), 716545 (clade), 147538 (subphylum), 716546 (clade), 147545 (class), 451871 (subclass), 5042 (order), 28568 (family), 1132856 (genus), 68825 (species)	T310_1225
A0A1W2TQY8	A0A1W2TQY8	unreviewed	A0A1W2TQY8_ROSNE	alcohol oxidase (EC 1.1.3.13)	Rosellinia necatrix (White root-rot fungus)	667	1.1.3.13	77044	cellular organisms (no rank), Eukaryota (superkingdom), Opisthokonta (clade), Fungi (kingdom), Dikarya (subkingdom), Ascomycota (phylum), saccharomyceta (clade), Pezizomycotina (subphylum), leotiomyceta (clade), sordariomyceta (clade), Sordariomycetes (class), Xylariomycetidae (subclass), Xylariales (order), Xylariaceae (family), Rosellinia (genus)	131567 (no rank), 2759 (superkingdom), 33154 (clade), 4751 (kingdom), 451864 (subkingdom), 4890 (phylum), 716545 (clade), 147538 (subphylum), 716546 (clade), 715989 (clade), 147550 (class), 222545 (subclass), 37989 (order), 37990 (family), 77043 (genus)	SAMD00023353_5100090
A0A8K1HUA6	A0A8K1HUA6	unreviewed	A0A8K1HUA6_9PEZI	Copper radical alcohol oxidase (EC 1.1.3.13)	Colletotrichum tabaci	506	1.1.3.13	1209068	cellular organisms (no rank), Eukaryota (superkingdom), Opisthokonta (clade), Fungi (kingdom), Dikarya (subkingdom), Ascomycota (phylum), saccharomyceta (clade), Pezizomycotina (subphylum), leotiomyceta (clade), sordariomyceta (clade), Sordariomycetes (class), Hypocreomycetidae (subclass), Glomerellales (order), Glomerellaceae (family), Colletotrichum (genus), Colletotrichum destructivum species complex (no rank)	131567 (no rank), 2759 (superkingdom), 33154 (clade), 4751 (kingdom), 451864 (subkingdom), 4890 (phylum), 716545 (clade), 147538 (subphylum), 716546 (clade), 715989 (clade), 147550 (class), 222543 (subclass), 1028384 (order), 681950 (family), 5455 (genus), 2707350 (no rank)	
A0A8K1HW99	A0A8K1HW99	unreviewed	A0A8K1HW99_9PEZI	Copper radical alcohol oxidase (EC 1.1.3.13) (Galactose oxidase/kelch, beta-propeller, immunoglobulin-like, immunoglobulin E-set)	Colletotrichum destructivum	506	1.1.3.13	34406	cellular organisms (no rank), Eukaryota (superkingdom), Opisthokonta (clade), Fungi (kingdom), Dikarya (subkingdom), Ascomycota (phylum), saccharomyceta (clade), Pezizomycotina (subphylum), leotiomyceta (clade), sordariomyceta (clade), Sordariomycetes (class), Hypocreomycetidae (subclass), Glomerellales (order), Glomerellaceae (family), Colletotrichum (genus), Colletotrichum destructivum species complex (no rank)	131567 (no rank), 2759 (superkingdom), 33154 (clade), 4751 (kingdom), 451864 (subkingdom), 4890 (phylum), 716545 (clade), 147538 (subphylum), 716546 (clade), 715989 (clade), 147550 (class), 222543 (subclass), 1028384 (order), 681950 (family), 5455 (genus), 2707350 (no rank)	alcox CDEST_10222
A0A9Q8V9V0	A0A9Q8V9V0	unreviewed	A0A9Q8V9V0_9HYPO	Alcohol oxidase (EC 1.1.3.13)	Purpureocillium takamizusanense	616	1.1.3.13	2060973	cellular organisms (no rank), Eukaryota (superkingdom), Opisthokonta (clade), Fungi (kingdom), Dikarya (subkingdom), Ascomycota (phylum), saccharomyceta (clade), Pezizomycotina (subphylum), leotiomyceta (clade), sordariomyceta (clade), Sordariomycetes (class), Hypocreomycetidae (subclass), Hypocreales (order), Ophiocordycipitaceae (family), Purpureocillium (genus)	131567 (no rank), 2759 (superkingdom), 33154 (clade), 4751 (kingdom), 451864 (subkingdom), 4890 (phylum), 716545 (clade), 147538 (subphylum), 716546 (clade), 715989 (clade), 147550 (class), 222543 (subclass), 5125 (order), 474942 (family), 1052105 (genus)	JDV02_003482
A2R501	A2R501	unreviewed	A2R501_ASPNC	Contig An15c0100, genomic contig (EC 1.1.3.13)	Aspergillus niger (strain ATCC MYA-4892 / CBS 513.88 / FGSC A1513)	602	1.1.3.13	425011	cellular organisms (no rank), Eukaryota (superkingdom), Opisthokonta (clade), Fungi (kingdom), Dikarya (subkingdom), Ascomycota (phylum), saccharomyceta (clade), Pezizomycotina (subphylum), leotiomyceta (clade), Eurotiomycetes (class), Eurotiomycetidae (subclass), Eurotiales (order), Aspergillaceae (family), Aspergillus (genus), Aspergillus subgen. Circumdati (subgenus), Aspergillus niger (species)	131567 (no rank), 2759 (superkingdom), 33154 (clade), 4751 (kingdom), 451864 (subkingdom), 4890 (phylum), 716545 (clade), 147538 (subphylum), 716546 (clade), 147545 (class), 451871 (subclass), 5042 (order), 1131492 (family), 5052 (genus), 2720871 (subgenus), 5061 (species)	An15g02200
A2RB46	A2RB46	unreviewed	A2RB46_ASPNC	alcohol oxidase (EC 1.1.3.13)	Aspergillus niger (strain ATCC MYA-4892 / CBS 513.88 / FGSC A1513)	667	1.1.3.13	425011	cellular organisms (no rank), Eukaryota (superkingdom), Opisthokonta (clade), Fungi (kingdom), Dikarya (subkingdom), Ascomycota (phylum), saccharomyceta (clade), Pezizomycotina (subphylum), leotiomyceta (clade), Eurotiomycetes (class), Eurotiomycetidae (subclass), Eurotiales (order), Aspergillaceae (family), Aspergillus (genus), Aspergillus subgen. Circumdati (subgenus), Aspergillus niger (species)	131567 (no rank), 2759 (superkingdom), 33154 (clade), 4751 (kingdom), 451864 (subkingdom), 4890 (phylum), 716545 (clade), 147538 (subphylum), 716546 (clade), 147545 (class), 451871 (subclass), 5042 (order), 1131492 (family), 5052 (genus), 2720871 (subgenus), 5061 (species)	An18g05480
A5LGE0	A5LGE0	unreviewed	A5LGE0_9ASCO	Alcohol oxidase 2 (EC 1.1.3.13)	[Candida] sonorensis	423	1.1.3.13	51926	cellular organisms (no rank), Eukaryota (superkingdom), Opisthokonta (clade), Fungi (kingdom), Dikarya (subkingdom), Ascomycota (phylum), saccharomyceta (clade), Saccharomycotina (subphylum), Saccharomycetes (class), Saccharomycetales (order), Pichiaceae (family), Ogataea (genus), Ogataea/Candida clade (clade)	131567 (no rank), 2759 (superkingdom), 33154 (clade), 4751 (kingdom), 451864 (subkingdom), 4890 (phylum), 716545 (clade), 147537 (subphylum), 4891 (class), 4892 (order), 1156497 (family), 461281 (genus), 1540042 (clade)	AOD2
A5LGE3	A5LGE3	unreviewed	A5LGE3_9ASCO	Alcohol oxidase (EC 1.1.3.13)	Ogataea methylovora	238	1.1.3.13	53649	cellular organisms (no rank), Eukaryota (superkingdom), Opisthokonta (clade), Fungi (kingdom), Dikarya (subkingdom), Ascomycota (phylum), saccharomyceta (clade), Saccharomycotina (subphylum), Saccharomycetes (class), Saccharomycetales (order), Pichiaceae (family), Ogataea (genus)	131567 (no rank), 2759 (superkingdom), 33154 (clade), 4751 (kingdom), 451864 (subkingdom), 4890 (phylum), 716545 (clade), 147537 (subphylum), 4891 (class), 4892 (order), 1156497 (family), 461281 (genus)	AOD1
A5LGE4	A5LGE4	unreviewed	A5LGE4_9ASCO	Alcohol oxidase (EC 1.1.3.13)	Ogataea minuta	249	1.1.3.13	36026	cellular organisms (no rank), Eukaryota (superkingdom), Opisthokonta (clade), Fungi (kingdom), Dikarya (subkingdom), Ascomycota (phylum), saccharomyceta (clade), Saccharomycotina (subphylum), Saccharomycetes (class), Saccharomycetales (order), Pichiaceae (family), Ogataea (genus)	131567 (no rank), 2759 (superkingdom), 33154 (clade), 4751 (kingdom), 451864 (subkingdom), 4890 (phylum), 716545 (clade), 147537 (subphylum), 4891 (class), 4892 (order), 1156497 (family), 461281 (genus)	AOD1
A5LGE5	A5LGE5	unreviewed	A5LGE5_9ASCO	Alcohol oxidase (EC 1.1.3.13)	[Candida] methanosorbosa	252	1.1.3.13	50262	cellular organisms (no rank), Eukaryota (superkingdom), Opisthokonta (clade), Fungi (kingdom), Dikarya (subkingdom), Ascomycota (phylum), saccharomyceta (clade), Saccharomycotina (subphylum), Saccharomycetes (class), Saccharomycetales (order), Pichiaceae (family), Ogataea (genus), Ogataea/Candida clade (clade)	131567 (no rank), 2759 (superkingdom), 33154 (clade), 4751 (kingdom), 451864 (subkingdom), 4890 (phylum), 716545 (clade), 147537 (subphylum), 4891 (class), 4892 (order), 1156497 (family), 461281 (genus), 1540042 (clade)	AOD1
A5LGE6	A5LGE6	unreviewed	A5LGE6_9ASCO	Alcohol oxidase (EC 1.1.3.13)	[Candida] succiphila	253	1.1.3.13	51927	cellular organisms (no rank), Eukaryota (superkingdom), Opisthokonta (clade), Fungi (kingdom), Dikarya (subkingdom), Ascomycota (phylum), saccharomyceta (clade), Saccharomycotina (subphylum), Saccharomycetes (class), Saccharomycetales (order), Pichiaceae (family), Ogataea (genus), Ogataea/Candida clade (clade)	131567 (no rank), 2759 (superkingdom), 33154 (clade), 4751 (kingdom), 451864 (subkingdom), 4890 (phylum), 716545 (clade), 147537 (subphylum), 4891 (class), 4892 (order), 1156497 (family), 461281 (genus), 1540042 (clade)	AOD1
A5LGE7	A5LGE7	unreviewed	A5LGE7_9ASCO	Alcohol oxidase (EC 1.1.3.13)	Kuraishia capsulata	248	1.1.3.13	317047	cellular organisms (no rank), Eukaryota (superkingdom), Opisthokonta (clade), Fungi (kingdom), Dikarya (subkingdom), Ascomycota (phylum), saccharomyceta (clade), Saccharomycotina (subphylum), Saccharomycetes (class), Saccharomycetales (order), Pichiaceae (family), Kuraishia (genus)	131567 (no rank), 2759 (superkingdom), 33154 (clade), 4751 (kingdom), 451864 (subkingdom), 4890 (phylum), 716545 (clade), 147537 (subphylum), 4891 (class), 4892 (order), 1156497 (family), 317045 (genus)	AOD1
A5LGE8	A5LGE8	unreviewed	A5LGE8_9ASCO	Alcohol oxidase (EC 1.1.3.13)	Ogataea wickerhamii	252	1.1.3.13	1249076	cellular organisms (no rank), Eukaryota (superkingdom), Opisthokonta (clade), Fungi (kingdom), Dikarya (subkingdom), Ascomycota (phylum), saccharomyceta (clade), Saccharomycotina (subphylum), Saccharomycetes (class), Saccharomycetales (order), Pichiaceae (family), Ogataea (genus)	131567 (no rank), 2759 (superkingdom), 33154 (clade), 4751 (kingdom), 451864 (subkingdom), 4890 (phylum), 716545 (clade), 147537 (subphylum), 4891 (class), 4892 (order), 1156497 (family), 461281 (genus)	AOD1
A5LGE9	A5LGE9	unreviewed	A5LGE9_9ASCO	Alcohol oxidase (EC 1.1.3.13)	Ogataea glucozyma	276	1.1.3.13	36023	cellular organisms (no rank), Eukaryota (superkingdom), Opisthokonta (clade), Fungi (kingdom), Dikarya (subkingdom), Ascomycota (phylum), saccharomyceta (clade), Saccharomycotina (subphylum), Saccharomycetes (class), Saccharomycetales (order), Pichiaceae (family), Ogataea (genus)	131567 (no rank), 2759 (superkingdom), 33154 (clade), 4751 (kingdom), 451864 (subkingdom), 4890 (phylum), 716545 (clade), 147537 (subphylum), 4891 (class), 4892 (order), 1156497 (family), 461281 (genus)	AOD1
A5LGF0	A5LGF0	unreviewed	A5LGF0_9ASCO	Alcohol oxidase (EC 1.1.3.13)	Ogataea henricii	246	1.1.3.13	36024	cellular organisms (no rank), Eukaryota (superkingdom), Opisthokonta (clade), Fungi (kingdom), Dikarya (subkingdom), Ascomycota (phylum), saccharomyceta (clade), Saccharomycotina (subphylum), Saccharomycetes (class), Saccharomycetales (order), Pichiaceae (family), Ogataea (genus)	131567 (no rank), 2759 (superkingdom), 33154 (clade), 4751 (kingdom), 451864 (subkingdom), 4890 (phylum), 716545 (clade), 147537 (subphylum), 4891 (class), 4892 (order), 1156497 (family), 461281 (genus)	AOD1
A5LGF1	A5LGF1	unreviewed	A5LGF1_9ASCO	Alcohol oxidase (EC 1.1.3.13)	Ogataea minuta	276	1.1.3.13	36026	cellular organisms (no rank), Eukaryota (superkingdom), Opisthokonta (clade), Fungi (kingdom), Dikarya (subkingdom), Ascomycota (phylum), saccharomyceta (clade), Saccharomycotina (subphylum), Saccharomycetes (class), Saccharomycetales (order), Pichiaceae (family), Ogataea (genus)	131567 (no rank), 2759 (superkingdom), 33154 (clade), 4751 (kingdom), 451864 (subkingdom), 4890 (phylum), 716545 (clade), 147537 (subphylum), 4891 (class), 4892 (order), 1156497 (family), 461281 (genus)	AOD1
A5LGF2	A5LGF2	unreviewed	A5LGF2_9ASCO	Alcohol oxidase (EC 1.1.3.13)	Ogataea naganishii	275	1.1.3.13	50265	cellular organisms (no rank), Eukaryota (superkingdom), Opisthokonta (clade), Fungi (kingdom), Dikarya (subkingdom), Ascomycota (phylum), saccharomyceta (clade), Saccharomycotina (subphylum), Saccharomycetes (class), Saccharomycetales (order), Pichiaceae (family), Ogataea (genus)	131567 (no rank), 2759 (superkingdom), 33154 (clade), 4751 (kingdom), 451864 (subkingdom), 4890 (phylum), 716545 (clade), 147537 (subphylum), 4891 (class), 4892 (order), 1156497 (family), 461281 (genus)	AOD1
A5LGF3	A5LGF3	unreviewed	A5LGF3_9ASCO	Alcohol oxidase (EC 1.1.3.13)	Ogataea philodendri	254	1.1.3.13	1378263	cellular organisms (no rank), Eukaryota (superkingdom), Opisthokonta (clade), Fungi (kingdom), Dikarya (subkingdom), Ascomycota (phylum), saccharomyceta (clade), Saccharomycotina (subphylum), Saccharomycetes (class), Saccharomycetales (order), Pichiaceae (family), Ogataea (genus)	131567 (no rank), 2759 (superkingdom), 33154 (clade), 4751 (kingdom), 451864 (subkingdom), 4890 (phylum), 716545 (clade), 147537 (subphylum), 4891 (class), 4892 (order), 1156497 (family), 461281 (genus)	AOD1
A5LGF4	A5LGF4	unreviewed	A5LGF4_9ASCO	Alcohol oxidase (EC 1.1.3.13)	Ogataea trehalophila	276	1.1.3.13	50267	cellular organisms (no rank), Eukaryota (superkingdom), Opisthokonta (clade), Fungi (kingdom), Dikarya (subkingdom), Ascomycota (phylum), saccharomyceta (clade), Saccharomycotina (subphylum), Saccharomycetes (class), Saccharomycetales (order), Pichiaceae (family), Ogataea (genus)	131567 (no rank), 2759 (superkingdom), 33154 (clade), 4751 (kingdom), 451864 (subkingdom), 4890 (phylum), 716545 (clade), 147537 (subphylum), 4891 (class), 4892 (order), 1156497 (family), 461281 (genus)	AOD1
A8DPS4	A8DPS4	unreviewed	A8DPS4_GLOTR	Alcohol oxidase (EC 1.1.3.13)	Gloeophyllum trabeum (Brown rot fungus) (Agaricus trabeus)	651	1.1.3.13	104355	cellular organisms (no rank), Eukaryota (superkingdom), Opisthokonta (clade), Fungi (kingdom), Dikarya (subkingdom), Basidiomycota (phylum), Agaricomycotina (subphylum), Agaricomycetes (class), Agaricomycetes incertae sedis (no rank), Gloeophyllales (order), Gloeophyllaceae (family), Gloeophyllum (genus)	131567 (no rank), 2759 (superkingdom), 33154 (clade), 4751 (kingdom), 451864 (subkingdom), 5204 (phylum), 5302 (subphylum), 155619 (class), 355688 (no rank), 452339 (order), 452340 (family), 40443 (genus)	AOX
B7PIZ7	B7PIZ7	unreviewed	B7PIZ7_IXOSC	Glucose dehydrogenase, putative (EC 1.1.3.13, EC 1.1.99.10)	Ixodes scapularis (Black-legged tick) (Deer tick)	377	1.1.3.13; 1.1.99.10	6945	cellular organisms (no rank), Eukaryota (superkingdom), Opisthokonta (clade), Metazoa (kingdom), Eumetazoa (clade), Bilateria (clade), Protostomia (clade), Ecdysozoa (clade), Panarthropoda (clade), Arthropoda (phylum), Chelicerata (subphylum), Arachnida (class), Acari (subclass), Parasitiformes (superorder), Ixodida (order), Ixodoidea (superfamily), Ixodidae (family), Ixodinae (subfamily), Ixodes (genus)	131567 (no rank), 2759 (superkingdom), 33154 (clade), 33208 (kingdom), 6072 (clade), 33213 (clade), 33317 (clade), 1206794 (clade), 88770 (clade), 6656 (phylum), 6843 (subphylum), 6854 (class), 6933 (subclass), 6934 (superorder), 6935 (order), 297308 (superfamily), 6939 (family), 426442 (subfamily), 6944 (genus)	IscW_ISCW017898
B8LTH7	B8LTH7	unreviewed	B8LTH7_TALSN	alcohol oxidase (EC 1.1.3.13)	Talaromyces stipitatus (strain ATCC 10500 / CBS 375.48 / QM 6759 / NRRL 1006) (Penicillium stipitatum)	665	1.1.3.13	441959	cellular organisms (no rank), Eukaryota (superkingdom), Opisthokonta (clade), Fungi (kingdom), Dikarya (subkingdom), Ascomycota (phylum), saccharomyceta (clade), Pezizomycotina (subphylum), leotiomyceta (clade), Eurotiomycetes (class), Eurotiomycetidae (subclass), Eurotiales (order), Trichocomaceae (family), Talaromyces (genus), Talaromyces sect. Talaromyces (section), Talaromyces stipitatus (species)	131567 (no rank), 2759 (superkingdom), 33154 (clade), 4751 (kingdom), 451864 (subkingdom), 4890 (phylum), 716545 (clade), 147538 (subphylum), 716546 (clade), 147545 (class), 451871 (subclass), 5042 (order), 28568 (family), 5094 (genus), 2752537 (section), 28564 (species)	TSTA_065150
B8LTH8	B8LTH8	unreviewed	B8LTH8_TALSN	alcohol oxidase (EC 1.1.3.13)	Talaromyces stipitatus (strain ATCC 10500 / CBS 375.48 / QM 6759 / NRRL 1006) (Penicillium stipitatum)	528	1.1.3.13	441959	cellular organisms (no rank), Eukaryota (superkingdom), Opisthokonta (clade), Fungi (kingdom), Dikarya (subkingdom), Ascomycota (phylum), saccharomyceta (clade), Pezizomycotina (subphylum), leotiomyceta (clade), Eurotiomycetes (class), Eurotiomycetidae (subclass), Eurotiales (order), Trichocomaceae (family), Talaromyces (genus), Talaromyces sect. Talaromyces (section), Talaromyces stipitatus (species)	131567 (no rank), 2759 (superkingdom), 33154 (clade), 4751 (kingdom), 451864 (subkingdom), 4890 (phylum), 716545 (clade), 147538 (subphylum), 716546 (clade), 147545 (class), 451871 (subclass), 5042 (order), 28568 (family), 5094 (genus), 2752537 (section), 28564 (species)	TSTA_065150
B8MHF8	B8MHF8	unreviewed	B8MHF8_TALSN	Choline dehydrogenase, putative (EC 1.1.3.13)	Talaromyces stipitatus (strain ATCC 10500 / CBS 375.48 / QM 6759 / NRRL 1006) (Penicillium stipitatum)	605	1.1.3.13	441959	cellular organisms (no rank), Eukaryota (superkingdom), Opisthokonta (clade), Fungi (kingdom), Dikarya (subkingdom), Ascomycota (phylum), saccharomyceta (clade), Pezizomycotina (subphylum), leotiomyceta (clade), Eurotiomycetes (class), Eurotiomycetidae (subclass), Eurotiales (order), Trichocomaceae (family), Talaromyces (genus), Talaromyces sect. Talaromyces (section), Talaromyces stipitatus (species)	131567 (no rank), 2759 (superkingdom), 33154 (clade), 4751 (kingdom), 451864 (subkingdom), 4890 (phylum), 716545 (clade), 147538 (subphylum), 716546 (clade), 147545 (class), 451871 (subclass), 5042 (order), 28568 (family), 5094 (genus), 2752537 (section), 28564 (species)	TSTA_021940
B8MSB1	B8MSB1	unreviewed	B8MSB1_TALSN	Glucose dehydrogenase, putative (EC 1.1.3.13)	Talaromyces stipitatus (strain ATCC 10500 / CBS 375.48 / QM 6759 / NRRL 1006) (Penicillium stipitatum)	612	1.1.3.13	441959	cellular organisms (no rank), Eukaryota (superkingdom), Opisthokonta (clade), Fungi (kingdom), Dikarya (subkingdom), Ascomycota (phylum), saccharomyceta (clade), Pezizomycotina (subphylum), leotiomyceta (clade), Eurotiomycetes (class), Eurotiomycetidae (subclass), Eurotiales (order), Trichocomaceae (family), Talaromyces (genus), Talaromyces sect. Talaromyces (section), Talaromyces stipitatus (species)	131567 (no rank), 2759 (superkingdom), 33154 (clade), 4751 (kingdom), 451864 (subkingdom), 4890 (phylum), 716545 (clade), 147538 (subphylum), 716546 (clade), 147545 (class), 451871 (subclass), 5042 (order), 28568 (family), 5094 (genus), 2752537 (section), 28564 (species)	TSTA_000410
I7CMK2	I7CMK2	unreviewed	I7CMK2_MONPR	Methanol oxidase (EC 1.1.3.13)	Moniliophthora perniciosa (Witches'-broom disease fungus) (Marasmius perniciosus)	638	1.1.3.13	153609	cellular organisms (no rank), Eukaryota (superkingdom), Opisthokonta (clade), Fungi (kingdom), Dikarya (subkingdom), Basidiomycota (phylum), Agaricomycotina (subphylum), Agaricomycetes (class), Agaricomycetidae (subclass), Agaricales (order), Marasmiineae (suborder), Marasmiaceae (family), Moniliophthora (genus)	131567 (no rank), 2759 (superkingdom), 33154 (clade), 4751 (kingdom), 451864 (subkingdom), 5204 (phylum), 5302 (subphylum), 155619 (class), 452333 (subclass), 5338 (order), 2982316 (suborder), 654128 (family), 221102 (genus)	
M5C2L8	M5C2L8	unreviewed	M5C2L8_THACB	Alcohol oxidase Short=AOX (EC 1.1.3.13)	Thanatephorus cucumeris (strain AG1-IB / isolate 7/3/14) (Lettuce bottom rot fungus) (Rhizoctonia solani)	271	1.1.3.13	1108050	cellular organisms (no rank), Eukaryota (superkingdom), Opisthokonta (clade), Fungi (kingdom), Dikarya (subkingdom), Basidiomycota (phylum), Agaricomycotina (subphylum), Agaricomycetes (class), Agaricomycetes incertae sedis (no rank), Cantharellales (order), Ceratobasidiaceae (family), Rhizoctonia (genus), Rhizoctonia solani (species), Rhizoctonia solani AG-1 (no rank)	131567 (no rank), 2759 (superkingdom), 33154 (clade), 4751 (kingdom), 451864 (subkingdom), 5204 (phylum), 5302 (subphylum), 155619 (class), 355688 (no rank), 36064 (order), 5250 (family), 1322061 (genus), 456999 (species), 2501646 (no rank)	AOD1 BN14_08302
M5C784	M5C784	unreviewed	M5C784_THACB	Alcohol oxidase Short=AOX (EC 1.1.3.13)	Thanatephorus cucumeris (strain AG1-IB / isolate 7/3/14) (Lettuce bottom rot fungus) (Rhizoctonia solani)	331	1.1.3.13	1108050	cellular organisms (no rank), Eukaryota (superkingdom), Opisthokonta (clade), Fungi (kingdom), Dikarya (subkingdom), Basidiomycota (phylum), Agaricomycotina (subphylum), Agaricomycetes (class), Agaricomycetes incertae sedis (no rank), Cantharellales (order), Ceratobasidiaceae (family), Rhizoctonia (genus), Rhizoctonia solani (species), Rhizoctonia solani AG-1 (no rank)	131567 (no rank), 2759 (superkingdom), 33154 (clade), 4751 (kingdom), 451864 (subkingdom), 5204 (phylum), 5302 (subphylum), 155619 (class), 355688 (no rank), 36064 (order), 5250 (family), 1322061 (genus), 456999 (species), 2501646 (no rank)	MOX BN14_09408
M5C7F4	M5C7F4	unreviewed	M5C7F4_THACB	Alcohol oxidase Short=AOX (EC 1.1.3.13)	Thanatephorus cucumeris (strain AG1-IB / isolate 7/3/14) (Lettuce bottom rot fungus) (Rhizoctonia solani)	375	1.1.3.13	1108050	cellular organisms (no rank), Eukaryota (superkingdom), Opisthokonta (clade), Fungi (kingdom), Dikarya (subkingdom), Basidiomycota (phylum), Agaricomycotina (subphylum), Agaricomycetes (class), Agaricomycetes incertae sedis (no rank), Cantharellales (order), Ceratobasidiaceae (family), Rhizoctonia (genus), Rhizoctonia solani (species), Rhizoctonia solani AG-1 (no rank)	131567 (no rank), 2759 (superkingdom), 33154 (clade), 4751 (kingdom), 451864 (subkingdom), 5204 (phylum), 5302 (subphylum), 155619 (class), 355688 (no rank), 36064 (order), 5250 (family), 1322061 (genus), 456999 (species), 2501646 (no rank)	AOD1 BN14_09479
M5C8F8	M5C8F8	unreviewed	M5C8F8_THACB	Alcohol oxidase Short=AOX (EC 1.1.3.13)	Thanatephorus cucumeris (strain AG1-IB / isolate 7/3/14) (Lettuce bottom rot fungus) (Rhizoctonia solani)	226	1.1.3.13	1108050	cellular organisms (no rank), Eukaryota (superkingdom), Opisthokonta (clade), Fungi (kingdom), Dikarya (subkingdom), Basidiomycota (phylum), Agaricomycotina (subphylum), Agaricomycetes (class), Agaricomycetes incertae sedis (no rank), Cantharellales (order), Ceratobasidiaceae (family), Rhizoctonia (genus), Rhizoctonia solani (species), Rhizoctonia solani AG-1 (no rank)	131567 (no rank), 2759 (superkingdom), 33154 (clade), 4751 (kingdom), 451864 (subkingdom), 5204 (phylum), 5302 (subphylum), 155619 (class), 355688 (no rank), 36064 (order), 5250 (family), 1322061 (genus), 456999 (species), 2501646 (no rank)	MOX BN14_09478
M5CAV1	M5CAV1	unreviewed	M5CAV1_THACB	Alcohol oxidase Short=AOX (EC 1.1.3.13)	Thanatephorus cucumeris (strain AG1-IB / isolate 7/3/14) (Lettuce bottom rot fungus) (Rhizoctonia solani)	592	1.1.3.13	1108050	cellular organisms (no rank), Eukaryota (superkingdom), Opisthokonta (clade), Fungi (kingdom), Dikarya (subkingdom), Basidiomycota (phylum), Agaricomycotina (subphylum), Agaricomycetes (class), Agaricomycetes incertae sedis (no rank), Cantharellales (order), Ceratobasidiaceae (family), Rhizoctonia (genus), Rhizoctonia solani (species), Rhizoctonia solani AG-1 (no rank)	131567 (no rank), 2759 (superkingdom), 33154 (clade), 4751 (kingdom), 451864 (subkingdom), 5204 (phylum), 5302 (subphylum), 155619 (class), 355688 (no rank), 36064 (order), 5250 (family), 1322061 (genus), 456999 (species), 2501646 (no rank)	AOD1 BN14_10691
M5CB66	M5CB66	unreviewed	M5CB66_THACB	Alcohol oxidase Short=AOX (EC 1.1.3.13)	Thanatephorus cucumeris (strain AG1-IB / isolate 7/3/14) (Lettuce bottom rot fungus) (Rhizoctonia solani)	437	1.1.3.13	1108050	cellular organisms (no rank), Eukaryota (superkingdom), Opisthokonta (clade), Fungi (kingdom), Dikarya (subkingdom), Basidiomycota (phylum), Agaricomycotina (subphylum), Agaricomycetes (class), Agaricomycetes incertae sedis (no rank), Cantharellales (order), Ceratobasidiaceae (family), Rhizoctonia (genus), Rhizoctonia solani (species), Rhizoctonia solani AG-1 (no rank)	131567 (no rank), 2759 (superkingdom), 33154 (clade), 4751 (kingdom), 451864 (subkingdom), 5204 (phylum), 5302 (subphylum), 155619 (class), 355688 (no rank), 36064 (order), 5250 (family), 1322061 (genus), 456999 (species), 2501646 (no rank)	AOD1 BN14_10803
M5CC52	M5CC52	unreviewed	M5CC52_THACB	Alcohol oxidase Short=AOX (EC 1.1.3.13)	Thanatephorus cucumeris (strain AG1-IB / isolate 7/3/14) (Lettuce bottom rot fungus) (Rhizoctonia solani)	403	1.1.3.13	1108050	cellular organisms (no rank), Eukaryota (superkingdom), Opisthokonta (clade), Fungi (kingdom), Dikarya (subkingdom), Basidiomycota (phylum), Agaricomycotina (subphylum), Agaricomycetes (class), Agaricomycetes incertae sedis (no rank), Cantharellales (order), Ceratobasidiaceae (family), Rhizoctonia (genus), Rhizoctonia solani (species), Rhizoctonia solani AG-1 (no rank)	131567 (no rank), 2759 (superkingdom), 33154 (clade), 4751 (kingdom), 451864 (subkingdom), 5204 (phylum), 5302 (subphylum), 155619 (class), 355688 (no rank), 36064 (order), 5250 (family), 1322061 (genus), 456999 (species), 2501646 (no rank)	AOD1 BN14_10802
M5CF32	M5CF32	unreviewed	M5CF32_THACB	Alcohol oxidase Short=AOX (EC 1.1.3.13)	Thanatephorus cucumeris (strain AG1-IB / isolate 7/3/14) (Lettuce bottom rot fungus) (Rhizoctonia solani)	186	1.1.3.13	1108050	cellular organisms (no rank), Eukaryota (superkingdom), Opisthokonta (clade), Fungi (kingdom), Dikarya (subkingdom), Basidiomycota (phylum), Agaricomycotina (subphylum), Agaricomycetes (class), Agaricomycetes incertae sedis (no rank), Cantharellales (order), Ceratobasidiaceae (family), Rhizoctonia (genus), Rhizoctonia solani (species), Rhizoctonia solani AG-1 (no rank)	131567 (no rank), 2759 (superkingdom), 33154 (clade), 4751 (kingdom), 451864 (subkingdom), 5204 (phylum), 5302 (subphylum), 155619 (class), 355688 (no rank), 36064 (order), 5250 (family), 1322061 (genus), 456999 (species), 2501646 (no rank)	MOX BN14_12214
M5CH40	M5CH40	unreviewed	M5CH40_THACB	Alcohol oxidase Short=AOX (EC 1.1.3.13)	Thanatephorus cucumeris (strain AG1-IB / isolate 7/3/14) (Lettuce bottom rot fungus) (Rhizoctonia solani)	385	1.1.3.13	1108050	cellular organisms (no rank), Eukaryota (superkingdom), Opisthokonta (clade), Fungi (kingdom), Dikarya (subkingdom), Basidiomycota (phylum), Agaricomycotina (subphylum), Agaricomycetes (class), Agaricomycetes incertae sedis (no rank), Cantharellales (order), Ceratobasidiaceae (family), Rhizoctonia (genus), Rhizoctonia solani (species), Rhizoctonia solani AG-1 (no rank)	131567 (no rank), 2759 (superkingdom), 33154 (clade), 4751 (kingdom), 451864 (subkingdom), 5204 (phylum), 5302 (subphylum), 155619 (class), 355688 (no rank), 36064 (order), 5250 (family), 1322061 (genus), 456999 (species), 2501646 (no rank)	AOD1 BN14_11356
