Entry	Reviewed	Entry Name	Protein names	Gene Names	Organism	Length	EC number	Sequence	PubMed ID	Annotation
P04842	reviewed	ALOX1_KOMPG	Alcohol oxidase 1 (AO 1) (AOX 1) (EC 1.1.3.13) (Methanol oxidase 1) (MOX 1)	AOX1 PAS_chr4_0821	Komagataella phaffii (strain GS115 / ATCC 20864) (Yeast) (Pichia pastoris)	663	1.1.3.13	MAIPEEFDILVLGGGSSGSCIAGRLANLDHSLKVGLIEAGENNLNNPWVYLPGIYPRNMKLDSKTASFYTSNPSPHLNGRRAIVPCANVLGGGSSINFMMYTRGSASDYDDFQAEGWKTKDLLPLMKKTETYQRACNNPDIHGFEGPIKVSFGNYTYPVCQDFLRASESQGIPYVDDLEDLVTzAHGAEHWLKWINRDTGRRSDSAHAFVHSTMRNHDNLYLICNTKVDKIIVEDGRAAAVRTVPSKPLNPKKPSHKIYRARKQIVLSCGTISSPLVLQRSGFGDPIKLRAAGVKPLVNLPGVGRNFQDHYCFFSPYRIKPQYESFDDFVRGDAEIQKRVFDQWYANGTGPLATNGIEAGVKIRPTPEELSQMDESFQEGYREYFEDKPDKPVMHYSIIAGFFGDHTKIPPGKYMTMFHFLEYPFSRGSIHITSPDPYAAPDFDPGFMNDERDMAPMVWAYKKSRETARRMDHFAGEVTSHHPLFPYSSEARALEMDLETSNAYGGPLNLSAGLAHGSWTQPLKKPTAKNEGHVTSNQVELHPDIEYDEEDDKAIENYIREHTETTWHCLGTCSIGPREGSKIVKWGGVLDHRSNVYGVKGLKVGDLSVCPDNVGCNTYTTALLIGEKTATLVGEDLGYSGEALDMTVPQFKLGTYEKTGLARF	3889590; 19465926; 1882546; 9396748	5.0
F2QY27	reviewed	ALOX1_KOMPC	Alcohol oxidase 1 (AO 1) (AOX 1) (EC 1.1.3.13) (Methanol oxidase 1) (MOX 1)	AOX1 PP7435_Chr4-0130	Komagataella phaffii (strain ATCC 76273 / CBS 7435 / CECT 11047 / NRRL Y-11430 / Wegner 21-1) (Yeast) (Pichia pastoris)	663	1.1.3.13	MAIPEEFDILVLGGGSSGSCIAGRLANLDHSLKVGLIEAGENNLNNPWVYLPGIYPRNMKLDSKTASFYTSNPSPHLNGRRAIVPCANVLGGGSSINFMMYTRGSASDYDDFQAEGWKTKDLLPLMKKTETYQRACNNPDIHGFEGPIKVSFGNYTYPVCQDFLRASESQGIPYVDDLEDLVTAHGAEHWLKWINRDTGRRSDSAHAFVHSTMRNHDNLYLICNTKVDKIIVEDGRAAAVRTVPSKPLNPKKPSHKIYRARKQIVLSCGTISSPLVLQRSGFGDPIKLRAAGVKPLVNLPGVGRNFQDHYCFFSPYRIKPQYESFDDFVRGDAEIQKRVFDQWYANGTGPLATNGIEAGVKIRPTPEELSQMDESFQEGYREYFEDKPDKPVMHYSIIAGFFGDHTKIPPGKYMTMFHFLEYPFSRGSIHITSPDPYAAPDFDPGFMNDERDMAPMVWAYKKSRETARRMDHFAGEVTSHHPLFPYSSEARALEMDLETSNAYGGPLNLSAGLAHGSWTQPLKKPTAKNEGHVTSNQVELHPDIEYDEEDDKAIENYIREHTETTWHCLGTCSIGPREGSKIVKWGGVLDHRSNVYGVKGLKVGDLSVCPDNVGCNTYTTALLIGEKTATLVGEDLGYSGEALDMTVPQFKLGTYEKTGLARF	2660463; 21575661; 27388471; 2657390; 9396748	4.0
F2R038	reviewed	ALOX2_KOMPC	Alcohol oxidase 2 (AO 2) (AOX 2) (EC 1.1.3.13) (Methanol oxidase 2) (MOX 2)	AOX2 PP7435_Chr4-0863	Komagataella phaffii (strain ATCC 76273 / CBS 7435 / CECT 11047 / NRRL Y-11430 / Wegner 21-1) (Yeast) (Pichia pastoris)	663	1.1.3.13	MAIPEEFDILVLGGGSSGSCIAGRLANLDHSLKVGLIEAGENNLNNPWVYLPGIYPRNMKLDSKTASFYTSNPSPHLNGRRAIVPCANILGGGSSINFMMYTRGSASDYDDFEAEGWKTKDLLPLMKKTETYQRACNNPEIHGFEGPIKVSFGNYTYPVCQDFLRATESQGIPYVDDLEDLVTAHGAEHWLKWINRDTGRRSDSAHAFVHSTMRNHDNLYLICNTKVDKIIVEDGRAAAVRTVPSKPLNAKKPTHKVYRARKQIVLSCGTISSPLVLQRSGFGDPIKLRAAGVKPLVNLPGVGRNFQDHYCFFSPYRIKPQYESFDDFVRGDANIQKKVFDQWYANGTGPLATNGIEAGVKIRPTPEELSQMDESFQEGYREYFEDKPDKPVMHYSIIAGFFGDHTKIPPGKYMTMFHFLEYPFSRGSIHITSPDPYATPDFDPGFMNDERDMAPMVWSYKKSRETARKMDHFAGEVTSHHPLFPYSSEARAYEMDLETSNAYGGPLNLTAGLAHGSWTQPLKKPAGRNEGHVTSNQVELHPDIEYDEEDDKAIENYIREHTETTWHCLGTCSIGPREGSKIVKWGGVLDHRSNVYGVKGLKVGDLSVCPDNVGCNTYTTALLIGEKTATLVGEDLGYTGEALDMTVPQFKLGTYEKTGLARF	2660463; 21575661; 27388471; 2657390	4.0
P04841	reviewed	ALOX_PICAN	Alcohol oxidase (AO) (AOX) (EC 1.1.3.13) (Methanol oxidase) (MOX)	MOX	Pichia angusta (Yeast) (Hansenula polymorpha)	664	1.1.3.13	MAIPDEFDIIVVGGGSTGCCIAGRLANLDDQNLTVALIEGGENNINNPWVYLPGVYPRNMRLDSKTATFYSSRPSKALNGRRAIVPCANILGGGSSINFLMYTRASASDYDDWESEGWSTDELLPLIKKIETYQRPCNNRDLHGFDGPIKVSFGNYTYPTCQDFLRAAESQGIPVVDDLEDFKTSHGAEHWLKWINRDLGRRSDSAHAYVHPTMRNKQSLFLITSTKCDKVIIEDGKAVAVRTVPMKPLNPKKPVSRTFRARKQIVISCGTISSPLVLQRSGIGAAHHLRSVGVKPIVDLPGVGENFQDHYCFFTPYYVKPDVPTFDDFVRGDPVAQKAAFDQWYSNKDGPLTTNGIEAGVKIRPTEEELATADEDFRRGYAEYFENKPDKPLMHYSVISGFFGDHTKIPNGKFMTMFHFLEYPFSRGFVRITSANPYDAPDFDPGFLNDERDLWPMVWAYKKSRETARRMESFAGEVTSHHPLFKVDSPARARDLDLETCSAYAGPKHLTANLYHGSWTVPIDKPTPKNDFHVTSNQVQLHSDIEYTEEDDEAIVNYIKEHTETTWHCLGTCSMAPREGSKIAPKGGVLDARLNVYGVQNLKVADLSVCPDNVGCNTYSTALTIGEKAATLVAEDLGYSGSDLDMTIPNFRLGTYEETGLARF	2582370; 2002763; 1770353; 1882546; 8873445	4.0
Q00922	reviewed	ALOX_CANBO	Alcohol oxidase (AO) (AOX) (EC 1.1.3.13) (Methanol oxidase) (MOX)	AOD1	Candida boidinii (Yeast)	663	1.1.3.13	MAIPEEFDVIVCGGGSTGCVIAGRLANVDENLKVLLIENGENNLNNPWVYLPGIYPRNMRLDSKTATFYNSRPSKHLNGRRAIVPQANILGGGSSINFMMYTRASASDYDDWESEGWTTDELLPLMKKFETYQRPCNNRDVHGFDGPIKVSFGNYTYPQCQDFLRACETQGIPYVDDLEDLKTSHGAEQWLKWINRDFGRRSDTAHAFIHSTMRNKENLFLMTNTKVDKVIIEDGRAVAVRTVPSKPIGDSKVSRTFKARKQIVVSCGTVSSPMVLQRSGIGEPSKLRAAGVKPIVELPGVGRNFQDHFCYFVPYRIKQDSESFDAFVSGDKEAQKSAFDQWYATGAGPLATNGIEAGVKIRPTEAELATADKAFQQGWESYFENKPDKPLMHYSVISGFFGDHTRLPPGKYMTMFHFLEYPFSRGWLHISSDDPYAAPDFDPGFMNDDRDMWPMVWAFKKSRETARRMECFAGEPTAFHPHYKVDSPARALEQSAEDTKKVAGPLHLTANLYHGSWSTPIGEADKHDPNHVTSSHINVYSKDIQYTKEDDEAIENYIKEHAETTWHCLGTNSMAPREGNKNAPEGGVLDPRLNVHGVKGLKVADLSVCPDNVGCNTFSTALTIGEKAAVLVAEDLGYSGSELDMEVPQHKLKTYEQTGAARY	1587486; 11683419	4.0
C4R702	reviewed	ALOX2_KOMPG	Alcohol oxidase 2 (AO 2) (AOX 2) (EC 1.1.3.13) (Methanol oxidase 2) (MOX 2)	AOX2 PAS_chr4_0152	Komagataella phaffii (strain GS115 / ATCC 20864) (Yeast) (Pichia pastoris)	663	1.1.3.13	MAIPEEFDILVLGGGSSGSCIAGRLANLDHSLKVGLIEAGENNLNNPWVYLPGIYPRNMKLDSKTASFYTSNPSPHLNGRRAIVPCANILGGGSSINFMMYTRGSASDYDDFEAEGWKTKDLLPLMKKTETYQRACNNPEIHGFEGPIKVSFGNYTYPVCQDFLRATESQGIPYVDDLEDLVTAHGAEHWLKWINRDTGRRSDSAHAFVHSTMRNHDNLYLICNTKVDKIIVEDGRAAAVRTVPSKPLNAKKPTHKVYRARKQIVLSCGTISSPLVLQRSGFGDPIKLRAAGVKPLVNLPGVGRNFQDHYCFFSPYRIKPQYESFDDFVRGDANIQKKVFDQWYANGTGPLATNGIEAGVKIRPTPEELSQMDESFQEGYREYFEDKPDKPVMHYSIIAGFFGDHTKIPPGKYMTMFHFLEYPFSRGSIHITSPDPYATPDFDPGFMNDERDMAPMVWSYKKSRETARKMDHFAGEVTSHHPLFPYSSEARAYEMDLETSNAYGGPLNLTAGLAHGSWTQPLKKPAGRNEGHVTSNQVELHPDIEYDEEDDKAIENYIREHTETTWHCLGTCSIGPREGSKIVKWGGVLDHRSNVYGVKGLKVGDLSVCPDNVGCNTYTTALLIGEKTATLVGEDLGYTGEALDMTVPQFKLGTYEKTGLARF	19465926	3.0
A0A024FB95	unreviewed	A0A024FB95_STABO	alcohol oxidase (EC 1.1.3.13)	FAO1	Starmerella bombicola (Yeast) (Candida bombicola)	681	1.1.3.13	MTDAVILYDYEWQTLRALANTAFPPLHADGLLHQRACERVISMLYTGQKRALRLMLHALSFRGSAVGFTRSYKLVTEMTEEEVQQVFLGFVHSRIGSLRMFATGITSLALLVAYRVSPELRKTLGDADTHPHLLSIKAKINTKEVIWHLPKFAIPPPLSPNQPAAITTDVVIVGSGCSSMVASYLLTKKGFNVIIVEKGYHINAITSPEHDFQRDIEAFEGEHNMTSADASTIVVAGATVGGGGAVNWSCSLRPTELVRREFVQKGAPLYGSKEFDHALAEVERVMQVSTKFGLEGGSDNEHSFTNDLILKASEKLNYRAKVAGQNTGKHRANSGFVEFGSRQGEAEGGVAEWFRNSFNNGARLLQRGHVVNIRHHNGYASGVEVVVDGSKTILINCKRVVCAAGSLQTPVLLQRSGFKNSHIGKGLKLHPVTAAYGVFPEQIVNKRLDPIMTTVCTEVDNLDGEGHGPKIEALHHRPLLTSFPLPYRDAKDFQTKVESWEHLCTLLVITRDKGEGKVSFYPPNPSKPYIEYTPSKYDLGALLKGSLSAANMLYVQGAQRIFLSSTFIPDFVSNKPVSERSIWDDDYQKWYQEAKRKEFILYDTKVGSAHQMGTCRMSVNGPKHGAVDGKGHLYECPNVHVIDTSVFPAASGVNPMITCMATAYVLANNLIADLTKLQTKL		2.0
A0A060TJ17	unreviewed	A0A060TJ17_BLAAD	alcohol oxidase (EC 1.1.3.13)	GNLVRS02_ARAD1D51260g	Blastobotrys adeninivorans (Yeast) (Arxula adeninivorans)	578	1.1.3.13	MVISHYDFIVVGGGTAGNVVAGRLVENPDVSVLVIEAGPGNSIDIEEIRTPAVAMDLRNSKYDWSYKTTMVKRDDYERIEKPNTRGKALGGSSSLNYFSWVPGSKYTFDLWEKYGGKEWTWDPLVPYLRKSATYHDDAKLYDPDLAKIGTGGPIHISHSELLPEMKDFREAVIKSWESTGELSTDNIYDGTMRGLTHCVDSIYQGRRSGSFLFVHNQPNITILDETYSKKLIIDEADLTVKGVSVILPNGKEQKLYARREVIVSQGVFETPKLLMLSGIGPGKELKRHNIDVIVDSRHVGEHLLDHPGVPFVLQVKDGFGMEEHLAREGSSKHNATVSAYKNGHKGPLGSGLLELIGFPRIDKYLEKDPEYRQAKASNGGKDPFCPGGQPHFELDFVCMFGSAFQWHYPLPKTGCYTTVMVDLVRPVGPGGTVKLNSADPLEQPNINLNYFADDLDIIAMREGIRYSYDVLKNAEPFKSHVIAEFPWEMPLDDDEKMKAAILDRVQTSFHPCGTARLSKSIEQGVVDPRLRVHGVKNLRVVDASVIPEIPDCRIQNSVYMIGEKGADLIKADHKDLFN		2.0
A0A067YIW8	unreviewed	A0A067YIW8_9ASCO	alcohol oxidase (EC 1.1.3.13)	AOX	Ogataea thermomethanolica (nom. inval.)	663	1.1.3.13	MAIPDEFDIIVVGGGSTGCCIAGRLGNLDPNVTVALIEGGENNLNNPWVYLPGVYPRNMRLDSKTATFYEARPSKALNGRRAIVPCANILGGGSSINFLMYTRASASDYDDWESEGWTTDELMPLIRKLETYQRPCNNRELHGFDGPIKVSFGNYTYPTCQDFLRACESQGIPYVDDLEDFKTSHGAEHWLKWINRDLGRRSDTAHAYIHPTMRNKQNLFLITSTKCDKVIIEDGKAVAVKTVAMKPVNTKKCHGRTYKARKQIVVSCGTISSPLVLQRSGIGAAHHLRSVGIKPIVDLPGVGENFQDHYCFFTPYYVKPGVPTFDDFVRGDPVAQKSAFDQWYSNKDGPLTTNGIEAGVKIRPTEEELATADEDFRAGYADYFENKPDKPLMHYSVISGYFGDHTKIPNGKFMTMFHFLEYPFSRGFVRVTSANPYDAPDFDTGFLNDERDLWPMVWAYKKSRETARRMESFAGEVTSHHPLFKVDSPARAKDLDLETCNAFAGPNHLTANLYHGSWTVPIEKPSGKNTQHVSSNQVEIFSDIEYSAEDDEAIVNYIKEHTETTWHCLGTCSMAPREGSKIAPKGGVVDCRLNVHGVQNLKVADLSICPDNVGCNTYSTALTIGEKCATLVAEDLGYSGSDLDMTIPNFKLGTYEETGLARF	24671405	2.0
A0A084FW90	unreviewed	A0A084FW90_PSEDA	Alcohol oxidase (EC 1.1.3.13)	SAPIO_CDS10045	Pseudallescheria apiosperma (Scedosporium apiospermum)	724	1.1.3.13	MPSPSVKLALTALSLVQYVVAAPARADSAVIIKRQAELLDEYDFIVAGAGTAGLTVADRLSESGEYKVLVVEYGYLDGSHSITAMGPDAQQPGNVDYPSGTRMYNITSQPLVHLHGRGNPVACGSVVGGSSAVNGMFFDRGSAEDYDAWVLSAGDEADEYAREWGWDNIYPFFQKSVTFHPPDERMQEEYGMTYDNAAYGGDTPIHSSYAPFQWPTTIGIWKAWETIEGVEFPKEHADGNATGVYWCPNSIDPSDRTRSYSRRGHYNNGANKRTNFHLLPAHRVTKVVLEEVEGDEERPYRATGVHIAPRDGPLWESGPVLIKAKREVVVSSGSVHTPQVLQRSGIGHKDVLEAAGVEVKVELPGVGFNLQDHAHYSISFNFTKNFSPNPADLGTDRNFSEQALAQWREDKSGPHSANVNSGAFLPLSFLSNRSSEIIDAWLAQDPAEYLPENTHPTVVAGYEQQRKVQAELFDSKKSAELEWLFSGRSSFSIIMIKITSRGTILLSPEDDGDAQGHVEPLVDWRTWSNPIDGNITVEFLKFARWFMQSPAMQETFAPVELSPGPNIETDEQIRAWIQTRISPSNGHLIGTAALGPRSLGGVVGPDLLVHGVQGLSVADNSIMTTIVGAHTSSSAYAIGEKAADTILRRAKKNGDTKEEAPAEEPTEEDDACVEDPEEEAPVEDAPAEEAPVEETPDEEAPVEEEAPVEEEAPVEEEAPVEEEP	25278533	2.0
A0A084G0M1	unreviewed	A0A084G0M1_PSEDA	Alcohol oxidase (EC 1.1.3.13)	SAPIO_CDS7949	Pseudallescheria apiosperma (Scedosporium apiospermum)	696	1.1.3.13	MVKYSGKFLLAFLAPSQAVAIPAPWLRARVVTSQAELKDSYDYIVIGGGTAGLTIADRLSESCKHDVLVIENGDFYDAANPGANRGTRQYSIRSVPQSGLNNRTTIVSMGFCVGGSSAVNGMAVMRGTKTDYNIWAELGNEGSTWGWDGMLPYFKKAIHFVPPDEVFAEDFNITYDIEAAWGQDENTHVYASFPGGNDPRIKIHYEALKSVPGVDFPRDGHAGSQGVFWYPVSVDPETHQRSYSRTGHWDGLNRPNYDLLTASRVNKILFEEGVATGVQFIPREGGEEPTVITANREVILSAGSIHTPQVLQLSGIGPAEHLEAAGIAVQMDLPGVGANFQDHPIGPGISFTWGETPLTPEIKSNLTGGVGGGQGLVAFLDLPIAAPDEFEEIASQYESLNLAEYVSPDTAETVLAGYRAQQEIYAREMRQRGLSFMNYIIGGGASGSPINLHITSRGTIRLNTSDPEGDPVVDYRALSNPTDVDLMAAYLKFLRRFFTTGYLEQYNATEIRPGADIESREDFEEYIRGAYNPQGWHPVGTAAKMRRELGGVVDDELRVYGVKGLRVADASIMPTLISGTTQLTAYAIGEKAADLIKATWENEEDGVCPELEVEPITDGSEDENAEGDGGGEEEGEDEDGTGQGSGGDEDEEEVGDEEEEEGEEGEEGEEEAIVDDDDNDDDEGGVEDGTGNEGED	25278533	2.0
A0A084G7M0	unreviewed	A0A084G7M0_PSEDA	Alcohol oxidase (EC 1.1.3.13)	SAPIO_CDS4783	Pseudallescheria apiosperma (Scedosporium apiospermum)	629	1.1.3.13	MRLLKAFSIGACVLGVVEALPRRVSDFSKRQVTQLRDEYDFVIIGGGTAGLTVADRVSAAFPHRTVLVIEYGKIEQSVGYFDPPEDGKGVSRLVISSPPVESVNNRSAVVILGMTVGGSSAANGQFFDRGSKYDYDEWARLGSPEFRGGEKWDWENLYPSFQKSSFLTEPSPELAAEFGYTWDSASYGGDSIQASFPPFQWPIQGISWKAWEEFGLETPKDCANGNKHGLCWVPTAQNSETVERSHAGVGHYTNIAASRPNLDLLVEHKVTRLVVDKTQKVPAVEFRPVAGGDVKTIRPKYEVILSAGAIHTPQILQRSGVASAKYLKSVGIKLVEDLPGVGQNFQDHCGPPITFSFDAPHPSEADITNNATFAAEAVAQFRERPARGPYTLGMGNSAAYVSLPKITSEYKKIVAKIRKQISDRSALQYLPAGASETVQKGYLAQLEVIAQALENPEHPILEAPFASSPGTAFLLKPLSRGTVLLNPEDHDATPIVNYRTAANPIDIDIMVTYFDYFRRLYATDTWQSLNAVEVAPGANVTDPSDIAEYIKNNIIQSLMHPCCTAAMLPREKGGVVDSKLTVYGIPGLRVADCSIIPTLPAAHTTTTAYAIGEKAADIIIKRWQKDCKP	25278533	2.0
A0A084GBF2	unreviewed	A0A084GBF2_PSEDA	Alcohol oxidase (EC 1.1.3.13)	SAPIO_CDS2736	Pseudallescheria apiosperma (Scedosporium apiospermum)	656	1.1.3.13	MAPTRALVLLGTLALASALPHRNGIGRVVKRQVEELRDSYDFVVVGGGTAGLTIADRLSEAFPERNTLVIEYGVVEDAEAVFEPPGGGPGNKRLNIQSLPIPALNNRRASLTVGMTVGGSSTINGQFFDRGHKLDYDDWAKIGSPEFDESEESWDWDNILPFFKKSVTFFEPSEENAELYGYTWDVDAAYGENVSHIQAVYAQYQFPVQKIAWDAFIEMGLPSPKECAGGDKHGVCWVPASQYYLDGQRSHAGRGHYLEVIEDRSNYDLLAGHKVTRLIVGEADAPPAIEFKPVDSDSEDDVKTVTPKLEVVVSAGAIHSPQILQRSGIGEAEFLEAAGIEVVVDLPGVGHNFQDHCGPGSSFALAESIQPSQGSINSNETFAKEALDLYAERPAKGPYTLAMGNSAIYLSLPVITEDSADIVAAIRAQIEDGSALDYLSEGTPESVKDGYLAQLAVLADALENPEHPVLEAPWMSSTPGGGFLLKPLSRGTVQLNPEDHDAEPIVDYRTGANPIDMEVMSRFLPFFRRYYETETMQALGAREVSPGANVTAVEDITEYIRNTITPSFMHPCCTASMMPKEKGGVVGPDLKVHGLERVRVADISIIPIIPGTHTSATAYAIGEKAADIIIRSWPSEEAEEPVKEAPKCKKRRSQKH	25278533	2.0
A0A084GCK7	unreviewed	A0A084GCK7_PSEDA	Alcohol oxidase (EC 1.1.3.13, EC 1.1.5.9)	SAPIO_CDS2494	Pseudallescheria apiosperma (Scedosporium apiospermum)	675	1.1.3.13; 1.1.5.9	MSSKLYGSSSILPEEFDIIVCGGGSCGCVVAGRLANLDHNLKVLLIEAGESNLNNPWVYRPGIYPRNMKLDSKTASFYESRPSKWLAGRKAVVPCAHILGGGSSINFMMYTRASASDYDDFQAEGWKTEDLLPLMQKHETYQRACHNREIHGFEGPIKVSFGNYTYPIKDDFLRAAESQGIPIVDDLQDLTTGHGAEQWLKWINRDTGRRSDSAHAYIHATRAVHSNLYLLCNTKVDKVIIENGRAVGVRTVPTKAPRSGEPKARTFRARKQIVVSGGTLSSPLILQRSGVGDPEKLKAVGVDCLVDLPGVGLNFQDHYLTFSVYRAKPETESFDDFIRGDPEVQKKVFEEWHVNGTGPLATNGIEAGVKVRPTEEELKEFESWPTPHFKDGWKSYFENKPDKPVMHYSVIAGWFGDHMLMPPGKFFTMFHFLEYPFSRGSTHIKSADPYETPDFDAGFMNDERDMVPMVWGYIKSRETARRMDAYAGEVQNMHPFFDFDSPARAHDLDLATTKAYALPGNLSAGIDHGSWSSHLPEPDKKAAANILNSNKGHGRDELKYSESDIKAIEEWVKRHVESTWHSLGTCSMAPRDGNSIVKHGVLDERLNVHGVQGLKVADLSICPDNVGCNTYSTALLIGEKCAVLVAEDLGYSGEALDMKVPTYHAPGEVTLQYRV	25278533	2.0
A0A1B2JBK5	unreviewed	A0A1B2JBK5_PICPA	alcohol oxidase (EC 1.1.3.13)	ATY40_BA7503165	Komagataella pastoris (Yeast) (Pichia pastoris)	663	1.1.3.13	MAIPEEFDILVLGGGSSGSCIAGRLANLDHSLKVGLIEAGENNLNNPWVYLPGIYPRNMKLDSKTASFYTSNPSPHLNGRRAIVPCANILGGGSSINFMMYTRGSASDYDDFEAEGWKTKDLLPLMKKTETYQRACNNPEIHGFEGPIKVSFGNYTYPVCQDFLRATESQGIPYVDDLEDLETAHGAEHWLKWINRDTGRRSDSAHAFVHSTMRNHDNLYLICNTKVDKIIVEDGRAAGVRTVPSKPLNAKKPTHKVYRARKQIVLSCGTISSPLVLQRSGFGDPIKLRAAGVKPLVNLPGVGRNFQDHYCFFSPYRIKPQYESFDDFVRGDANIQKKVFDQWYANGTGPLATNGIEAGVKIRPTPEELSQMDESFQEGYREYFEDKPDKPVMHYSIIAGFFGDHTKIPPGKYMTMFHFLEYPFSRGSIHITSPDPYATPDFDPGFMNDERDMAPMVWSYKKSRETARKMDHFAGEVTSHHPLFPYSSEARAYEMDLETSNAYGGPLNLTAGLAHGSWTQPLKKPAARNEGHVTSNQVELHPDIEYDEEDDKAIENYIREHTETTWHCLGTCSIGPREGSKIVKWGGVLDHRSNVYGVKGLKVGDLSVCPDNVGCNTYTTALLIGEKTATLVGEDLGYTGDALDMTVPQFKLGTYEKTGLARF		2.0
A0A1B2JII2	unreviewed	A0A1B2JII2_PICPA	alcohol oxidase (EC 1.1.3.13)	ATY40_BA7504486	Komagataella pastoris (Yeast) (Pichia pastoris)	663	1.1.3.13	MAIPEEFDILVLGGGSSGSCIAGRLANLDHSLKVGLIEAGENNLNNPWVYLPGIYPRNMKLDSKTASFYTSNPSPHLNGRRAIVPCANVLGGGSSINFMMYTRGSASDYDDFQAEGWKTKDLLPLMKKTETYQRACNNPDIHGFEGPIKVSFGNYTYPVCQDFLRASESQGIPYVDDLEDLVTAHGAEHWLKWINRDTGRRSDSAHAFVHSTMRNHDNLYLICNTKVDKIIVEDGRAAAVRTVPSKPLNPKKPSHKIYRARKQIVLSCGTISSPLVLQRSGFGDPIKLRAAGVKPLVNLPGVGRNFQDHYCFFSPYRIKPQYESFDDFVRGDAEIQKRVFDQWYANGTGPLATNGIEAGVKIRPTPEELSQMDESFQEGYREYFEDKPDKPVMHYSIIAGFFGDHTKIPPGKYMTMFHFLEYPFSRGSIHITSPDPYAAPDFDPGFMNDERDMAPMVWAYKKSRETARRMDHFAGEVTSHHPLFPYSSEARALEMDLETSNAYGGPLNLSAGLAHGSWTQPLKKPTAKNEGHVTSNQVELHPDIEYDEEDDKAIENYIREHTETTWHCLGTCSIGPREGSKIVKWGGVLDHRSNVYGVKGLKVGDLSVCPDNVGCNTYTTALLIGEKTATLVGEDLGYTGEALDMTVPQFKLGTYEKTGLARF		2.0
A0A1B7SJY0	unreviewed	A0A1B7SJY0_9ASCO	alcohol oxidase (EC 1.1.3.13)	OGAPODRAFT_76277 OGATHE_006181	Ogataea polymorpha	664	1.1.3.13	MAIPDEFDIIVVGGGSTGCCIAGRLANLDDQNLTVALIEGGENNINNPWVYLPGVYPRNMRLDSKTATFYSSRPSKALNGRRAIVPCANILGGGSSINFLMYTRASASDYDDWESEGWSTDELLPLIKKIETYQRPCNNRDLHGFDGPIKVSFGNYTYPTCQDFLRAAESQGIPVVDDLEDFKTSHGAEHWLKWINRDLGRRSDSAHAYVHPTMRNKQSLFLITSTKCDKVIIEDGKAVAVRTVPMKPLNPKKPVSRTFRARKQIVISCGTISSPLVLQRSGIGAAHHLRSVGVKPIVDLPGVGENFQDHYCFFTPYYVKPDVPTFDDFVRGDPVAQKAAFDQWYSNKDGPLTTNGIEAGVKIRPTEEELATADEDFRRGYAEYFENKPDKPLMHYSVISGFFGDHTKIPNGKFMTMFHFLEYPFSRGFVRITSANPYDAPDFDPGFLNDERDLWPMVWAYKKSRETARRMESFAGEVTSHHPLFKVDSPARARDLDLETCSAYAGPKHLTANLYHGSWTVPIDKPTPKNDFHVTSNQVQLHSDIEYTEEDDEAIVNYIKEHTETTWHCLGTCSMAPREGSKIAPKGGVLDARLNVYGVQNLKVADLSVCPDNVGCNTYSTALTIGEKAATLVAEDLGYSGSDLDMTIPNFRLGTYEETGLARF	27535936; 33906412	2.0
A0A1D8N7R0	unreviewed	A0A1D8N7R0_YARLL	alcohol oxidase (EC 1.1.3.13)	B0I71DRAFT_130239 YALI1_B18572g	Yarrowia lipolytica (Candida lipolytica)	609	1.1.3.13	MSDDKHTFDFIIVGGGTAGPTLARRLADAWISGKKLKVLLLESGPSSEGVDDIRCPGNWVNTIHSEYDWSYEVDEPYLSTDGEERRLCGIPRGHCLGGSSCLNTSFVIRGTRGDFDRIEEETGAKGWGWDDLFPYFRKHECYVPQGSAHEPKLIDFDTYDYKKFHGDSGPIKVQPYDYAPISKKFSESLASFGYPYNPEIFVNGGAPQGWGHVVRSTSNGVRSTGYDALVHAPKNLDIVTGHAVTKILFEKIGGKQTAVGVETYNRAAEEAGPTYKARYEVVVCCGSYASPQLLMVSGVGPKKELEEVGVKDIILDSPYVGKNLQDHLICGIFVEIKEPGYTRDHQFFDDEGLDKSTEEWKTKRTGFFSNPPQGIFSYGRIDNLLKDDPVWKEACEKQKALNPRRDPMGNDPSQPHFEIWNAELYIELEMTQAPDEGQSVMTVIGEILPPRSKGYVKLLSPDPMENPEIVHNYLQDPVDARVFAAIMKHAADVATNGAGTKDLVKARWPPESKPFEEMSIEEWETYVRDKSHTCFHPCGTVKLGGANDKEAVVDERLRVKGVDGLRVADVSVLPRVPNGHTQAFAYAVGEKAADLILADIAGKDLRPRI	27603307	2.0
A0A1E3PW31	unreviewed	A0A1E3PW31_LIPST	alcohol oxidase (EC 1.1.3.13)	LIPSTDRAFT_75920	Lipomyces starkeyi NRRL Y-11557	602	1.1.3.13	MTVSEERDDFVEAFCKIKYDYVIVGGGTAGLVVAGRLSEDESVNVAVLEAGELRLDDLIITTPGLSNAARGNPTYDWLFETIPQTSLNNRAIKWPRGKVVGGSSCINSHVFVRASPEEYNDWEALGNQGWNWKTLAPYFKKVETFRLIPDGHASARQAYEMTSHGTTGPLETTISNDINESNMLWIPAWNKLGVKTVLAGAESPIGAQFTKSTISSTTGKRSSSLSAYYVPIADRPNLHLLPKALVSKVLFARPKDELISTGVEFTVADKQYEVTAKSEVILCAGVVQSPTLLELSGIGSRSILEACGVETLVDNKGVGENLQDHAFTISAHQVLDSRHSLDYLNNSPELAAKAMAEYAATKTGLFASGSNVSTYISYNQIGLAALKKSSVVSSHRIPGLEKQYDLLLARLRNSNVPAFQFTLIPAYSSWLMPEPKPEGVKDCISIMNCVVAPFSRGSIHIQSSHPGDDPVIDPHYLDHCFDQELFTAASRQGLKLAATAPLSEALDKCIVPAVPLSTDDEYKDFTRRTLGTFYHPIGTCSMLPREDGGVVDSNLVVYGTKNLRVVDASVFPLHISGNIQWTVYAVAERAADVIKQEARTHT	27535936	2.0
A0A1E3PYZ1	unreviewed	A0A1E3PYZ1_LIPST	alcohol oxidase (EC 1.1.3.13)	LIPSTDRAFT_155707	Lipomyces starkeyi NRRL Y-11557	1238	1.1.3.13	MSFSPEQGSYPRIGLSVPQMKPFYEVVVVGSGYGAGVAASRMARTGHSVAVLEKGIERWPGEFPEDVTDAIPEVHVSAPYQDVETGKRNGLYHLYIGNEQNAFVGEGLGGTSHLNANVALRMDDLTERMDIWPPEIKAEGLSKYYDRAEQMLRPNKYPEDWPVLKKLSTLERQATQLGPDYSSRFGRAPITVTFDDGLNAAGVHQNASTLTGNDCTGINDGSKTTTLVTYIADAWNHGAEIFCSCEVTYVKYIESTKKWAVFYRWLQPGRQDFSDEFSTQPFFVLTNTVFLGAGALGSTEIIMRSKAIGLPVSDNAGRSYSGNGDILAFGYNLGDGECNAIGMGPNDPKKRPITEQVGPCITGIIDMRNNPEVLNRYVIEEGVAPFALWPFLQSLFDLTPDKVQPHRNPLQEIAARARVIQSRFGGPFVGALNRTMMYLIMSHDDNQGILSLHNDKLRIAFDGVGDTSRVRELQETLARMTVRNGGIFVPGPFETPIARNGLITVHSIGGCVMGTDGSNGVTNHKGQVFKYSDGKRKTEVHTGLYVVDGAVIPAALGVNPFLTITAIAERTVEFAAKDRGWVISPRRITQAINFKMPAYAPPRPLRQVARNLEAAHRGFLTPFPSQGGIAFSEVMKGYFGTDLLSDDYRTAESQGRSSSSTMEFFLTIIAYDLHALVSLDDHSADIVGTVSCRALSADPLLVCPGSRFRLFSRDLNHVSTENLAYDLNLLATDGSKYKFEGHKIVDTRSMLNAALVWKATTTLYVTVSTVEDKGDLKAGTVMGRGILHLGVSDFVKELTGFAAWANLPENINFLPGLARLRQQLASFQISTQFVMYFARHVAEHFLPPMLQYPGSNKDMEYPTTSVKHEQWYVTTKDGGTVRMHRWNAGRKGPILLVPGASVTYEIFGTNLIPTNFVTFLTDRGYDVFSLDHRLSPTIRASTGQIAMESVRFDVEAAVSETRRYTGCINISAVVHCAGSVATFIGLLDGTISGVGHVVASQVAMHPVAASVNWLKAHLYLAPIVNRVLGVDYLEVNSTPRGLKQIAIDQALRLYPVGKFSEICGSTVCHRSSLWFGLLWHHANLNDALHSNLDKIIGGVNMTTLRQLIDMTIKKQLLNIRREKVYVTPNNARKNLNFPITFIHGDKNQTYDLESTDADYNFLRNVNGPDWYRRKVFQNYGHLDTWFGVEAYKDIYPWVLEDIEYWADKNKIGYLAVSDETLHEKYEMLQEKLEILHKE	27535936	2.0
A0A1E3Q3X1	unreviewed	A0A1E3Q3X1_LIPST	alcohol oxidase (EC 1.1.3.13)	LIPSTDRAFT_3777	Lipomyces starkeyi NRRL Y-11557	580	1.1.3.13	MSVQNGARFDFIVVGGGTAGNIVASRLAENPNARILVVEAGIGSSKDNEEIRTPGLAMEIRGSQYDWAYKTTMIKRDDYERIEKPNTRGKALGGSSSLNYFSWVPGSKGTFDMWEEYGGKEWTWDPLVPYLRKSVTYHDDAGLYPPELKKIGAGGPIPIAHADLMPEMKGFRDLLTKAWKFTGEPITENIFDGEMRGLAHSVNTIYKGRRSGSFLAVAEKPNITVLPEVYSKCLIIDSADRIAKGVTVITGSGQELSFYATREVIVSEGVFETPKLLMLSGIGPAHELAKHNIPVIVDSRHVGQHLLDHPGVPFVLRLKDSFSMDSHVLRKGTLQSQVLAAYSNGHAGPMGSPFLELIGFPRIDKYLERSPEYRKAKAANGGVDPFCPYGQPHFELDFIPLFGSAFQWHFPHPNKGSYMTVMVDLVRPVSEGGEVTLNSADPLQQANINLNYFNDDLDIIAIREGIRFAYDVLKNGEGFKDIVEDEYPWDMPLDDDEAMKRTVLDRSQTSFHPCGTARLSKNIQQGVVDPSLKVHGIKNLRVIDASVIPVIPDCRIQNSVYMVAEKGADAIKSDHKDFYN	27535936	2.0
A0A1E3QC55	unreviewed	A0A1E3QC55_LIPST	alcohol oxidase (EC 1.1.3.13)	LIPSTDRAFT_69490	Lipomyces starkeyi NRRL Y-11557	375	1.1.3.13	MHLITECQVEKLALELLSSGDVVAAGVYVTRNGTKELLKARKEVLLCAGVFHSLQLLELSGIGDAQLLQSHGIEVLVDNPNVGENLQDHPLTGMCYEVVDGLPTIDMIRDPEVIQGAMTAYMTSREGPLTSGFHAAASIPVVECLTEPGRSELLKVLDEHLNATGNPKAPSQELQYASIRSILENPAEASAVMAMGATQFHFDKETHKDIFSISDPHNYMCFLVSLANPLSSGTVHITTGTVQNLPAVDPQYLSHPVDIEILARNVQWVPTLVGTKPLADYVKPNGAVLPKGTDVSSLDKAREHVKRNTFNHPCGTCAMMSFDLGDVVDDRLRVYGVNGLRVVASVFPMIPKGFIQSSVYAVAEKAADLIKEDYS	27535936	2.0
A0A1E4SXY7	unreviewed	A0A1E4SXY7_9ASCO	alcohol oxidase (EC 1.1.3.13)	CANARDRAFT_201106	[Candida] arabinofermentans NRRL YB-2248	664	1.1.3.13	MAIPDEFDIIVLGGGSTGCAIAGRLGNLDESLTVALIEGGENNINNPWVYLPGVYPRNMRLDSKTATFYTARPSPHLNGRRAIVPCANILGGGSSINFLMYTRASASDYDDWEMEGWKTEELLPLMKKLETYQRPCNNRDLHGFDGPIKVSFGNYTYPNCQDFLRAAESQGIPFVDDAEDLKCSHGAEHWLKWINRDLGRRSDSAHAYIHPTMRNKQNLYLITSTKIDKVIIENGVATGVKTLPMKPTGPAKTAVSRTYKARKQIVLSCGTMSSPLVLQRSGVGAAHKLRQVGIKPIVDLPGVGQNFQDHYCYFTPYHVKPDTPSFDDFVRGDKAVQKAAFDQWYANKDGPLTTNGIEAGVKIRPTDEELATADDEFRAAYDDYFGNKPDKPLMHYSLISGFFGDHTKIPNGKYMCMFHFLEYPFSRGWVHVVSPNAYDAPDFDTGFMEDPRDMWPMVWSYKKARETARRMECFAGEVTSHHPKFPVDSPARAADMDLETCKAYAGPDHFTANLYHGSWTVPITKPEPKNSAHVTSSQVEKHADLEYTEEDDKAIENYIREHTETTWHCLGTCSMAPREGNRAAPLGGVVDARLNVYDVKNLKVADLSICPDNVGCNTYSTALLIGEKTATLVAEDLGYSGDDLKMTIPNFKLGTYEETGLGRF		2.0
A0A1E4SZH3	unreviewed	A0A1E4SZH3_9ASCO	alcohol oxidase (EC 1.1.3.13)	CANARDRAFT_199901	[Candida] arabinofermentans NRRL YB-2248	664	1.1.3.13	MAIPDEFDIIVVGGGSTGCAIAGRLGNLDENVTVALIEGGENNINNPWVYLPGVYPRNMRLDSKTATFYSARPSPHLNGRRAIVPCANILGGGSSINFLMYTRASASDYDDWEMEGWKTEELLPLMKKLETYQRPCANRDLHGFDGPIKVSFGNYTYPNCQDFIRAAESQGIPYVDDAEDLKCSHGAEHWLKWINRDLGRRSDSAHAYIHPTMRNKQNLFLITSTKCDKIIIEDGVATSVKTVPMKPTGSPKKAIARIYKARKQIVVSCGTISSPLVLQRSGIGAAHKLRQAGIKPLVDLPGVGQNFQDHYCFFTPYHVKPDTPSFDDFVRGDKATQKAAFDQWYANKDGPLTTNGIEAGVKIRPTEEELATADDEFRAAYDDYFGNKPDKPLMHYSIISGFFGDHTKIPNGKYMCMFHFLEYPFSRGWVHVVSSNPYDAPDFDTGFMEDPRDMWPMVWSYKKARETARRMECFAGEVTSHHPKFPFDSPARAADMDLETCKAYAGPDHFTANLYHGSWTVPIKKPSAKNSLHVTSNQVELYDELEYSKEDDKAIEDYIREHTETTWHCLGTCSMAPRKGNRATPFGGVVDARLNVYDVKHLKVADLSICPDNVGCNTYSTALLIGEKTATLVAEDLGYSGDALKMTVPNFKLGTYEETGLGRF		2.0
A0A1E4T6V9	unreviewed	A0A1E4T6V9_9ASCO	alcohol oxidase (EC 1.1.3.13)	CANARDRAFT_26908	[Candida] arabinofermentans NRRL YB-2248	665	1.1.3.13	MAIPDEFDIIVVGGGSAGCPVAGRLANLDESLTVALIEAGENNVNNPWVYLPGVYPRNMRLDSKTATFYSSRPSPHLNGRRAIVPCANILGGGSSINFMMYTRASASDYDDWESEGWKTEDLLPLMKKLETYQRPSNNRELHGFDGPIKVSFGNYTYPNCQDFLRAAESQGIPYTDDAEDLVTSHAAEHWLKWINRDLGRRSDAAHAYIHPTMRNKSNLFLITSTKADKVIIENGVAVAVKTVPSKPVGGTKAKSQGRIYKARKQIIISSGTISTPQILERSGIGAAHRLRQAGIKPIVDLPGVGENFQDHYCYFVPYHVKPDTASFDDFLRGDKATQTAAFNQWYANKDGPLTTNGIEAGVKIRPTEEELATADDEFQSGWYSYFENKPDKPLMHYSMISGFFGDHTKIPNGKFMTMFHFLEYPFSRGFVHVVSPNPYDAPDFDTGFMNDPRDMWPMVWAYKKSRETARRMECYAGEVTSHHPKYPVDSPARAKDLDLETCKAFAGPDHFTANLYHGSWTVPHEKPEPKNPAHVTSNQVEKHADLEYTEEDDKAIENYIREHTETTWHCLGTCSMAPRDGNRAAPLGGVVDERLNVYEVEHLKIADLSICPDNVGCNTYSTALLVGEKASTIVAEDLGYSGSALDMTIPNYKLGTYEETGLGRF		2.0
A0A1G4MGC2	unreviewed	A0A1G4MGC2_LACFM	alcohol oxidase (EC 1.1.3.13)	LAFE_0F18206G	Lachancea fermentati (Zygosaccharomyces fermentati)	577	1.1.3.13	MSTLHYDFIIVGGGTAGNVVAGRLAENPNVTVLVVEAGVGNSYEIEEITTPSNAMELRGSKYDWAYKTTMVKRDDYERIEKPNTRGKALGGSSSLNYFTWIPGCKPTFDMWKEFGGDEWTWKALVPYLRKSATYHDDDNLYPEELKKIGSGGPLPISHAELLPELAPFRENITKAWKYMGLPISENIYDGEMIGLTHCVDSIYHGKRSGSFYFVKDRPNVTIVSEVHSKKIIIDPSDKIARGVTVITAAGEEQSFYASREVIVAQGVFESPKLLMLSGVGPKKELETHGIDVLVENSHVGQHLLDHPGVPFVLKVKDGYGMDDYLLRNGPLHEKAVKEYKNKSRGPVGSGLLEMVGFPRIDEYLNKDPLYRKAKAANGGKDPFCPDGQPHFELDFVSMFGSAFQWHYPTPKSGCYTSIVVDLVRPVSEGGDVTLNSSDPLEQPNINLNFFADELDIIAMREGIRFSYDLLTKGEGFKDIVIGEYPWEMPLDDDEQMRRAVLDRCQTAFHPCGTNRLSKTIDQGVVSPELKVHGVKNLRVIDASIIPVIPDCRIQNSVYAIGEKGADMIKSAHKDLYK		2.0
A0A1Q2ZZ65	unreviewed	A0A1Q2ZZ65_ZYGRO	alcohol oxidase (EC 1.1.3.13)	ZYGR_0M00240	Zygosaccharomyces rouxii (Candida mogii)	576	1.1.3.13	MSEYRYDFIVVGGGTAGNVVAGRLAENPDVRILVVEAGVGNSQEIGDIQTPSNAMELRGSQYDWAYKTTMVKREDYERIEKPNTRGKALGGSSSLNYFTWVPGCKPTFDRWGEFGGEEWTWNPMVHYLRKSATYHDDLNLYPEELKKIGGGGPLPISHAELVEELAPFREKVIDAWQSRDLPVNENVYDGEMIGLTHCADTIYHGVRSSSVCFLKDKPNVTILSQVYSKKIIIDPVEKVAKGVATFKPSGEKCSFYAKREVIVAQGVFESPKLLMLSGIGPKKELENHGIDIIVENPHVGQHLLDHPGVPFVLRVKDGFGLDDHLLRKGSAHTAAVEQYKKNSTGPLSSGLLELVGFPRIDKYLEKDPHYLQAKKTNGGKDPFSPEGQPHFELDFVSMFGSAFQWHYPTPKDGCYTSVVVDLVRPVSEAGEVRLNSADPLAQPNINLNFFADELDIVAMREGIRFSYDVLTKGKGFKDIVLGEYPWEMPLDDDKEMRKQILDRVQTAFHPCGTARLSKSIKQGVVDPHLKVHGIEGLRVIDASVIPVIPDCRIQNSVYAVGEKGADLIKGTHKDLY		2.0
A0A1Q3A4E0	unreviewed	A0A1Q3A4E0_ZYGRO	alcohol oxidase (EC 1.1.3.13)	ZYGR_0Y00260	Zygosaccharomyces rouxii (Candida mogii)	491	1.1.3.13	MADYEYDFIVLGGGTAGNVVAGRLAENPDVRILVVEAGVGNTLEIEDIKTPSSAMELRDSLYDWAYKTTMVKREDYERTEKPNTRGKALGGSSSLNYFSWIPGCRSTFDRWEEFGGEEWTWDPLVPYLRKSVTYHDDLKLYPEELKKIGSGGPLPISHAELEKKLVPFREKVIEACKSRDLPVNENTFDGDMIGLTHCVNSIYHGVRSSSVYFVKDKSNITILTHVHSKKIIIDPADKVTKGVTIIKLSGEEHSYYAKREVIVAQGVFESPKLLMLSGVGPKKELETHGIDVIVENPHVGQHLLDHPGVPFVLHVKDGFGMDDHLLHEGPAHTAAVEQYKKDSTGPVGFGLFELIGFPRIDHYLEKDPHYSQTKKANGDKDPFAPKGQPHFELDFVSMFGSAFQWHYPTPKKGAYTSVVVNLVRPHSKPGEVRLNSTDPLLQPYINLNFFADELDIIAMREGIRFSYDILTKGKGFKDIVPQRVSMGNATR		2.0
A0A421JRD1	unreviewed	A0A421JRD1_9ASCO	alcohol oxidase (EC 1.1.3.13)	JA1_001902	Spathaspora sp. JA1	1393	1.1.3.13	MTTGSSIIKDSHLEICIALADGLIHETTVENIRDSVDPDFPQEKLNEYVSAVTRPSDIPQFKGVMLHNLVTGNSESEKEFASVMDILDSETAAQGLTDSPTLIRNMTLKQREDLLRSWRDSDIPLKRKLFRVVFSLTMIAYVVLADDLHPQAAGYPGKDLRDFAYEGHTVDDFKYEFIEKPSSDGEELSLPDIDALIIGSGCGAGAVAHTLAEKGFKSLILEKGKYFSTSQLNFNDLEGVSSLYENGANVATKDQQIFFLSGSNFGGGSTINWSASFRTPFKVRKEWSDEFGLDFVSSNDFDKYQQFVWDKMGVGREGIKHSFSNRMLLDGCEELGYDVQVVDQNTGGHPSHRCGFCHLGCKFGIKQSTPNNWFRDAAASGSRFMEQVKVLEILHTDGVASGVICKDTVTGIKFKITGPKKIIVSGGGLSTPVVLQNSGFKNKNIGNNLKIHPSITAFGDFGNEVRTKSYEDSLLTSVCTEVEDLDGKGHGAKIETFLNAPFIQAGFAPWFGSDSTRRSMLRYNNIATMLLLTRDTSRGSVKSDPEKPDTFSIDYEMNQFDRDALFKAFVTAADILYIQGAKRIIGPQPTIPVFESEKSKQERSIDDEDYVAWRNDVSKMSFYPYGISIGTAHQMATCRMTGKGPEYGACDEKGRLFECSNVYVADASVFPTASGVNPMTTIYTMARYIGLNIAKDIIKDKHLDTFIALADGLVHETSIDNIRDSVAPGFSEEELKDYVKTVTRPSDNLQFREMLSQALLTGNSDSEKEFAQVMDILDSGTTAQELTDSPTLIRDMTSEQRENLLISWRDSESPLKRKLFRSVFGITIGAFIKLGNDLHLKASGYPGKELRDSAYENQIIDHFKYEFMEKPSSDGEELYLPEIDALIIGSGCGAGAAAHTLAEKGFKSLILEKGKYFSTAELNFNDLDGISKLYENGGNVTSTDQEIFFLSGSNFGGGSTVNWSASLRTPFKVRKEWYDDFGLEFAASDVFDKCQQYVWDQMGVGHDAINHSFANNVLLDGCEELGYKVKVIDQNTGRHPSHKCGFCHLGCKFGIKQSTPNNWFRDAAASGSKFMEQVKVLEIVHSKGVASGVICKDTVTGIKFKITGPKKYIVSGGSLSTPIVLQNSGFKNKNIGKNLQIHPVAVAYGDFGNEVRTTAHEDSIMTTVCTEVDDLDGKAHGPKIETLLNAPFLQAGFAPWFNSDSSRQFMLRYNNMAAILFLTRDTGSGSVKSDPERPDTLCIDYEVSQFDRDALLKGFLITADVLYIQGVKRIISPSPTIPIFESGKPKDKRSIDDEDYVAWRNTVSEMKFDKYSISIGTAHQMASCRMSGKGPEYGACDEKGRLFECSNVYVADASVMPTASGVNPSITTYTFARYVGLNIAKDLKSKSRF		2.0
A0A4C2EBY4	unreviewed	A0A4C2EBY4_9SACH	alcohol oxidase (EC 1.1.3.13)	ZYGM_000350	Zygosaccharomyces mellis	598	1.1.3.13	MCRCTRQYCWNTHKRNTFKKKKMSDYHYDFIIIGGGTAGNVVAGRLAENPDVRILVIEAGVGNSQDIEDIKTPSNAMELRGSEYDWAYKTTMVKREDYERIEKPNTRGKALGGSSSLNYFTWIPGCKPTFDRWEEFGGREWTWNPLVPYLRKSATYHDDCKLYPEELKKIGDGGPLPISHAELVDELAPFREKLTEAWKSRGLPTTENIYDGEMIGLTHCIDSIYHGVRSSSVCFVKNKHNIKILSQVYSKKIIIDSAEKVVKGVTIINASGEEHSFYSKREVIIAQGVFESPKLLMLSGIGPKKELTNHGIDVIVENPHVGQHLLDHPGVPFVLRVKDGFGMDDHLLRKGTAHNASVEQYKKNSTGPVSSGLLELVGFPRVDKYLEKDPYYRQAKKANGDKDPFSPDGQPHFELDFISMFGSAFQWHYPTPKQGCYTSVVVDLVRPISEPGEVKLNSPDPLTQPNINLNFFADELDIVAMREGIKFSYDVLTKGKGFKDIVIGEYPWEMPLDDDMEMRRQILDRVQTAFHPCGTNRLSKSIKQGVVDPHLKVHGVEGLRVIDASVIPVIPDCRIQNSVYAIGEKGADLVKAVHRDLY		2.0
A0A4C2EFJ1	unreviewed	A0A4C2EFJ1_9SACH	alcohol oxidase (EC 1.1.3.13)	ZYGM_000111	Zygosaccharomyces mellis	576	1.1.3.13	MSDYRYDFIIVGGGTAGNVVAGRLAENPDVRILIVEAGIGNSQDIEDIKTPSNAMELRGSEYDWAYKTTMVKREDYERIDKPNTRGKVLGGSSSLNYFTWVPGCKPTFDGWGEFGGEEWTWDPLVPYLRKSATYHDDFKLYPEELKKIGGGGPLQISHAELVEELAPFREKVIDAWESRDLPVTENVYDGELAGLTHCADSIYHGVRSSSVCFVKDKPNITILSQAHSKKIIIEPLEKIAKGVAIVKPSGEKCCFYAKREVIVAQGVFESPKLLMLSGIGPKKELETHGIDIIVENSHVGQHLLDHPGVPFVLRVKDGFGMDDHLLRKGTAHNASVEQYKKNSTGPVSSGLLELVGFPRVDEYLEKDPYYRQAKKTNGGKDLFSPDGQPHFELDFVSMFGSAFQWHYPTPRQGCYTSVVVDLVRPISEPGEVKLNSSDPLMQPNINLNFFADELDIVAMREGIRFSYDVLTKGKGFKDIVIGEYPWEMPLDDDKEMKRQILDRVQTAFHPCGTNRLSRNIKQGVVDPHLKVHGIEKLRVVDASVIPVIPDCRIQNSVYAIGEKGADLIKAAHKDLY		2.0
A0A642UJ42	unreviewed	A0A642UJ42_9ASCO	alcohol oxidase (EC 1.1.3.13)	TRICI_006900	Trichomonascus ciferrii	545	1.1.3.13	MSTNEISQADASNYDFVIVGGGTAGCVIASRLSEYLPHKKVLVIEGGPSDVGDNRVLDLRNWLNLLGGELDYDYGTTEQPMGNSHIRHSRAKVLGGCSSHNTLISFRTFEYDARRWVAKGCEGWDFNTFTRMTDRLKNTFQPVAPQHRNQLCKDWVNSCSTALDIPVIENFNSVIRSNGALPPSVGFFNISYNPEDGTRSSASVAYLHPILKGKENRPNLTVLTNAWVDKINVGSDNSTVTGVNVVLKNGKKLTVSPKCETILCAGAVDTPRLMLHSGLGPKHQLEQVGVKVVSDIPGVGENLIDHPESIIMWELTKPVPENQTTMDSDGGVFLRREHFNANGDDGAVVDLMMHCYQIPFTLNTERLGYDVPKERYAFCMTPNIPRPRSRGKLYLTSSDPSVKPALDFRYFTDPEGYDAATLVAGMKAARKVAEAEPFKGWIKREIAPGPKCQTDEELSEFARRAAHTVYHPAGTTKMGNVKEDAFAVVDPQLRVRNMKNLRIADAGVFPEMPSVNPMLTVLSVGERAAELIAETWGYKERQGKL	31575637	2.0
A0A642V8X8	unreviewed	A0A642V8X8_9ASCO	alcohol oxidase (EC 1.1.3.13)	TRICI_003441	Trichomonascus ciferrii	531	1.1.3.13	MVVSHYDFIVVGGGTAGSVVAGRLAENPDVSVLVIEAGPGNSVDIEEIRTPAVAMELRRSQYDWAYKTTMVKRDDYERIEKPNTRGKALGGSSSLNYFSWVPGSKYTFDLWEKYGGKEWTWDPLVPYLRKSATYHDDAKLFSTDLSKIGTGGPIDIAHADLLPEMEGFRDAVTKSWKSTGEPTSENIFDGEMRGVAVIGPNGKEQKLYARREVIVSQGVFESPKLLMLSGIGPAKELKRHGIDVVVDSRHVGEHLLDHPGVPFVLKVDDAFGMEEYLAREGSSKNKDTVSAYKNGHKGPLGSPLLELIGFPRIDKYLEKDPVYRQAKASNGGKDPFCPGGQPHFELDFVCMFGSAFQWHYPLPKTGSHTTVMVDLVRPVGPGGTVKLNSDDPLEQPDINLNYFADDLDIIAMREGIRYSYDVLKNAEPFKSHVIAEYPWDMPLDDDEKMKNAILDRVQTSFHPCGTARLSKSIEQGVVDPGLRVHGIKNLRVIDASVIPEIPDCRIQNSVYMIGEKGADLIKADHKDLYKN	31575637	2.0
A0A642VDA0	unreviewed	A0A642VDA0_9ASCO	alcohol oxidase (EC 1.1.3.13)	TRICI_000495	Trichomonascus ciferrii	663	1.1.3.13	MTIPEEVDVIVCGGGSSGCCVAGRLANLDPNLKVLLIEAGENNLNNPWVYRPGIYPVNMKLDSRTASFYRSKPSKHLNGRSAIVPQAHVLGGGSSINFMMYTRASASDYDDWQAEGWKTKDLLPLMKKHETYQRPCNNPDLHGFKGPIKVSFGNHVYPMAQDFLRAVDSQGIPITDDLQDLSTGHGAEMWLKWINRDSGRRSDSAHAYIHSTMRNQDNLYLLCNTKVDKVKIKDGRAVAVETVPTKYKLNGKPPRKTFSARKQIILNCGTVGSPLVLERSGVGDPARLRDAGVKCIVDLPGVGTNFQDHYLTFAAYRAKPDTETFDDFLRGDKETQKKVIEQWNANGTGPLATNGIDAGVKLRPTPDELETMGEAFKQGWKDYFEDKPDKPVMHYSIISGFFGDHNMIPPGKYFTMFHFLEYPFSRGYVHIKSDNPYDAPEFDPGFMNDERDMAPMVWAYKKSRETARRMDCYAGEVTSHHPRFPCDSEARAFDMDLETTKAYGGKDHLTAGLQHGSWTAPLEKPEPRNELHVSSNQCEKHKDLNYSEEDEQAIADWVREHVETTWHCLGTCSMAPREGSTIARWGGVVDERLNVHGVKGLKVADLSICPDNVGCNTYSTALLIAEKSAVITAEDLGYSGEALNMIVPTFHTGTYEKTGVARL	31575637	2.0
A0A8H7ZJI5	unreviewed	A0A8H7ZJI5_9ASCO	alcohol oxidase (EC 1.1.3.13)	I9W82_002364	Candida metapsilosis	2066	1.1.3.13	MTTSAPPLAEPKHIEVFAALSDGVLHDTPVSVIKEVVGDKLTDEEIVEYSKAFNRPSQIPGFKEKLLAVMNNNTTTATGQFITLMYMLDSKAFAPLFTNSLTLIRDMTLDQREQLMKSFRDSPIFVKRVLFKTVVALTLNTVVMLANELHNKAIGYPGRELREKAYESFEADPFRYDMMSKPKYDGAELHLTDIDVLIIGSGAGAGVVAHTLANDGYKSLVLEKGKYFSPSEFNFTDAEGYDKLYQAHGSMATTNSQIAILAGSNFGGGTTVNWSASFKTPFKVRKEWYDDYGLGFAATDSYDKCLDYVFKQMGVSTKGIKHSFGNQVIMDGIKELGYSGKEIDQNSGGHPAHSCGSCYKGCKHGIKQGAVVNWFRAAAATGSKFMDQVRVVKILHKNGVATSLLCQDETTGIKFKISGPKKFVVAGGSLNTPVILQNSGFKNKNIGKNLKLHPGLGLIGDFGANVTAEHHHNSIMTAVCTQVDDLDGKAHGCKIETFLNAPFFQASAIPWKNSNQIRKELLRYNQLCGMALIARDTSTGSVRGDPQRPEALYVDYTVNKFDRYALLQALLVTADILYIEGAERILSPQSTVPIFESKVPKSSRSITDKDYVAWRETAAKTPLDSHGTMFASAHQMSSCRMSGKGPKYGACDTKGKLFEASNIYIADASCMPTASGVNPMVTTMGLARHVGLSLCSDLRTKARLHVDVFAALADGIIHDTPIDIIKCIVGDSLTDEEIDEYARTFSRPSQVPGFKERILSVVNNNTTAATGKFISLMNMLDSNTFAPLFTNSWTSIRDMTLDEREQLMKMFRDSPVFVKRVVFKTVFTLTLNTMMILGNELHNKAIHYPGRELREEAYEGFKPDPFRYDMLAKPEFEGAELHLTDIEVLIIGSGAGAGVVAHTLANDGYKSLVLEKGKYFAPSEFNFTDKEGLEELYQSHGTLASTNSQISILSGSNFGGGTTVNWSASFKTPFKVRKEWYDDYGLEFAATDTYDKCLDYVFKQMGASTKGIKHSFGNQILKEGCEGLGYSGKEIDQNTGGHPAHSCGFCYLGCKHGIKQGSAVNWFRAAAATGSKFMDQVRVIKILHKNGVATGLLCQDETTGTKFRISGPKKFVVAGGSLNTPVILQNSGFKNKNIGKNLKLHPAITTFGDFGPNVQADHHKDSIMTAVCTQVDDLDGKAHGAKIETVLNVPFIHAPSLPWKSSNQIREELLRYNSLCGMVIIARDTSTGSVRGDPERPESLYIDYSVNNFDKNVLLQAILVTADILYIEGAERILSPQVWIPIFESKVPKSARSITDKDYVAWRELVAKSPLDSYGTTFGSAHQMSSCRMSGKGPKYGACDTNGKLFEASNIYIADASCMPTASGVNPMPAHVDVFAALSDGIIHETSATLVKEVVRDNLTDEEVVEYVKRFNRPSQTPGFKERILSTINSGTIESTRMFVVLMQILNSKFFAPVLTNSLTLVKDMTLKEREQLLAAWRDSPIPMKRQLFRIISSSTLNVMVILGNELHYKAIQYPGKELKTKAYPDFELDPFRYDMMSRPECEDAEIFLPDIDVAIIGSGAGAGVVAHTLANEGYKSLVLEKGKYYSPSEFNFTDKEGVDSLYQNKGVLSSKNSQIVVLAGSNFGGGTTVNWLACFKTPFKVRKEWDDDYGLDFAATDSYDQCQDYVWKQIGATTKGIKHSLSNKVLMEGGAKLGYTCKEVDQNIGGHAAHSCGFCYLGCKFGIKQGSAVNWFRAAAATGSKFMDQVRVLQVLHNRGVATGVLCQDEVTGRKFRITGPKKFVVAGGSLNTPQVLRNSGFNNKHIGQNLKLHPATAIFGDFGPNVQANFFENSIMTAVCTEAEDMDGKAHGAKIETLLSTPFLHASLIPWRGSDNIRQEMLRCNHMCSLLLLARDTSTGSVSADPSRPDAISIDYKINKYDKGSLLQALLLAADILYIEGAQRILSPQPWVPIFESKIPKSSRSITDKDYVSWRKTVGQIPLDDFGVPYGTAHQMSTCRMSGKGPEYGACDTRGKLFEASNIYIADASCMPTACGVNPMVSTLTLARHVALELCEDLEAKVKL		2.0
A0A8J5BKG4	unreviewed	A0A8J5BKG4_9ASCO	alcohol oxidase (EC 1.1.3.13)	CJU89_3414	Yarrowia sp. B02	609	1.1.3.13	MSDDKHTFDFIIVGGGTAGPILARRLAEAHISGKKLKILLLESGPSSEGVEDIRCPGNWVSTIHSDYDWAYEVDEPYLSTEGEERRICGIPRGHCLGGSSCLNTSFVIRGTRGDFDRIEEETGAKGWGWDDLFPYFKKHECFVPQGPFHEPKLIDFDTYDYKKFHGDSGPIKVQPYDYAPISKKFSESLASFNYPYNPEIFVNGGAPQGWGHVVRSTSNGVRSTGYDALVHAPKNLDVITGHAVTKILFEKIGGKQTAVGVETYNRAAEEAGPTFKARYEVVLCCGSYASPQLLMVSGIGPKKELEEVGVKDIILDSPYVGKNLQDHLICGIFVEIKEPGYTRDHQYFDDEGLEKSTEEWKTKRTGFFSNPPQGVFSYGRIDNLLKDDPVWKEACEKQKKLNPRRDPMGNDPSQPHYEIWNAELYIELEMSQAPDEGESVMTVIGEILPPRSKGYIKLKSADPLENPEIVHNYLQDPVDARVFAAIMKHAADVATNGAGTKDLVKARWPPESKPFEEFTIEDWETYVRDKSHTCFHPCGTVKLGGPNDKEAVVDERLRVKGVDGLRVADVSVLPRVPNGHTQGFAYAVGEKAADLIIADILGKDLRPRI		2.0
A0A8J5CMB5	unreviewed	A0A8J5CMB5_9ASCO	alcohol oxidase (EC 1.1.3.13)	CKK34_1827	Yarrowia sp. E02	609	1.1.3.13	MSDDKYTFDFIIVGGGTAGPTLARRLADAWISGKKLKVLLLESGPSSEGVDDIRCPGNWVNTIHSEYDWSYEVDEPYLSTDGEERRLCGIPRGHCLGGSSCLNTSFVIRGTKGDFDRIEEETGAKGWGWDDLFPYFLKHECYVPQGSSHEPKLIDFETYDYKKFHGDSGPIKVQPYDYAPISKKFAESLSSFGYPYNPEIFVNGGAPQGWGHVVRSTSNGVRSTGYDALVHAPKNLDIITGHAVTKILFEKIGGKQTAVGVETYNRAAEEAGPTYKARYEVVLCCGSYASPQLLMVSGVGPKKELEEVGVKDIILDSPYVGKNLQDHLICGLFVEIKEPGYTRDHQFFDDEGLDKSTEEWKNKRTGFFSNPPQGIFSYGRIDNLLKDDPVWKEACEKQKKLNPRRDPMGNDPSQPHFEIWNAELYIELEMTQAPDEGQSVMTVIGEILPPRSKGYVKLKSADPLENPDIVHNYLQDPVDARVFAAIMKHAADVATNGAGTKDLVKARWPPESKPFEDMSIEEWETYVRDKSHTCFHPCGTVKLGGANDKEAVVDERLRVKGLDGLRVADVSVLPRVPNGHTQAFAYAVGEKAADLILADIAGKDLRPRI		2.0
A0A8J5QSW1	unreviewed	A0A8J5QSW1_9ASCO	alcohol oxidase (EC 1.1.3.13)	J8A68_001892	[Candida] subhashii	702	1.1.3.13	MLPVIAEDKHIETFLALADGIVHETSVENIKDLVSPDFPREKLEEYVKTFTRPSQTPAFKEQITTVFNKTPTSSVTSFVITMNALRSRIFSPLFTNSMTLITDMTLKQREELLASWRDSPVPLKRRLFRSIYSVTMSTFVLLANDLHLKAIGYPGRELRETLYKGQQVDPFRYEFLDKPIKEGSELHLPEIDALVIGSGSGAGVVAHTLAKEGYKSLVLEKGKYYHPSELKFNDYEGVNALYENSGTIASLNQQIFILAGSNFGGGSTVNWSMSLKTPFKVRKEWYDDFALDFVASDIYDECQNYVFEQMGVSDQNINTPSLANEVIIEGGKKLGYKSKVGAQNTGGHPDHSCGFCYLGCKFGVKQGATANWFRAPAENGSKFMQEVKVIQILHSNGIAIGVLCQDTITGIKFRITGPKKYIVAGGSLHTPIVLQNSGFKNRHIGKNLKLHPVSCVAGDFGKDVVAKAYEKPIMTSVCTEVDDLDGKAHGAKIETILNAPFIQGVFLPWDGSDATRRDILRYNNLTTMLLITRDKSSGSVRADPSKPEALMIDYTVNKYDRNALLQALLTASDMLYIQGAKRIISPQHWIPIFESNTPKEQRTIEDRDYVEWRTAVSKITLDSYGTAYGSAHQMSSCRMSGKGPKYGACDEKGRLFECSNIYIADSSAMPTASGANPMITTMAMARYVALNIAKDLRPKAKL	34129020	2.0
A0A977TIR6	unreviewed	A0A977TIR6_PHACH	Alcohol oxidase (EC 1.1.3.13)	AOX	Phanerodontia chrysosporium (White-rot fungus) (Sporotrichum pruinosum)	653	1.1.3.13	MGHPEEVDVIVCGGGPAGCVVAGRLAYADPTLKVMLIEGGANNRDDPWVYRPGIYVRNMQRNGINDKATFYTDTMASSYLRGRRSIVPCANILGGGSSINFQMYTRASASDWDDFKTEGWTCKDLLPLMKRLENYQKPCNNDTHGYDGPIAISNGGQIMPVAQDFLRAAHAIGVPYSDDIQDLTTAHGAEIWAKYINRHTGRRSDAATAYVHSVMDVQDNLFLRCNARVSRVLFDDNNKAVGVAYVPSRNRTHGGKLHETIVKARKMVVLSSGTLGTPQILERSGVGNGELLRQLGIKIVSDLPGVGEQYQDHYTTLSIYRVSNESITTDDFLRGVKDVQRELFTEWEVSPEKARLSSNAIDAGFKIRPTEEELKEMGPEFNELWNRYFKDKPDKPVMFGSIVAGAYADHTLLPPGKYITMFQYLEYPASRGKIHIKSQNPYVEPFFDSGFMNNKADFAPIRWSYKKTREVARRMDAFRGELTSHHPRFHPASPAACKDIDIETAKQIYPDGLTVGIHMGSWHQPSEPYKHDKVIEDIPYTEEDDKAIDDWVADHVETTWHSLGTCAMKPREQGGVVDKRLNVYGTQNLKCVDLSICPDNLGTNTYSSALLVGEKGADLIAEELGLKIKTPHAPVPHAPVPTGRPATQQVRLE		2.0
A5LGD9	unreviewed	A5LGD9_9ASCO	alcohol oxidase (EC 1.1.3.13)	AOD1	[Candida] sonorensis	656	1.1.3.13	MAIPDEFDIIVVGGGSTGCAIAGRLGNLDENLTVALIEGGENNINNPWVYLPGVYPRNMRLDSKTATFYPSRPSPHLNGRRAIVPCANILGGGSSINFLMYTRASASDYDDWETEGWTTDELLPLMKKLETYQRPCSNRDLHGFDGPIKVSFGNYTYPNGQDFLRAVGSQGIPYVDDAEDLKVSHGAEWWLKWINRDLGRRSDSAHAYVHPTMRNKSNLFLITSTKAEKIIIENGVATGVKVVPMKPVEKKNPPTKIYKARKQIVLSCGTISSPLVLQRSGIGAAHKLRQAGIKPIVDLPGVGENFQDHYCFFTPYHVKPDTPSFDDFVRGDKEVQKSAFDQWYANKDGPLTTNGIEAGVKIRPTEEELATADDEFRAGYEDYFRNKPDKPLMHYSLISGFFGDHTKIPKGKYMCMFHFLEYPFSRGFVHVVSPNPYDNPDFDPGFMNDPRDMWPMVLSYKKSRETARRMDCFAGEVTSHHPHYPYDSPARARDMDLETCKAYAGPDHFTANLYHGSWTVPIGKPSSKNVLHVTSNQVELHDEIEYTKEDDEAIENYIREHTETTWHCLGTCSMAPKEGNRAAPKGGVVDPRLNVHDIKKLKVADLSICPDNVGCNTYSTALLIGEKAATLVAEDLGYSGDALKMTIPNFKLGTYE	17476699	2.0
A5LGE1	unreviewed	A5LGE1_9ASCO	alcohol oxidase (EC 1.1.3.13)	AOD1	Ogataea pignaliae	639	1.1.3.13	MAIPDEFDIIVVGGGSTGCCIAGRLANLDENQTVALIEGGENNINNPWVYLPGVYPRNMRLDSKTATFYNSRPSPHLNGRRAIVPCANILGGGSSINFLMYTRASASDYDDWESEGWTTDELLPLMKKFETYQRPCNNRDVHGFDGPIKVSFGNYTYPNCQDFLRAAASQGIPFVDDAEDLKCSHGAEHWLKWINRDLGRRSDTAHAYIHPTMRNKQNLFLITSTKAEKVILENGIATAVKTVPQRPLDAKKPSHKIYKARKQIVVSCGTISSPLVLQRSGIGAAHKLRQVGVKPIVDLPGVGENFQDHYCFFTPYHVKPDTPSFDDFVRGDKTVQKLAFDQWYSNKDGPLTTNGIEAGVKIRPTEEELATADDSFKQGWDDYFANKPDKPLMHYSLISGFFGDHTKIPNGKYMCMFHFLEYPFSRGFVHITSPNPYDAPDFDPGFMNDERDMWPMVWSYKKSRETARRMECFAGEVTSHHPHYPYSSPARAQDMDLPTTKAYAGPDHFTANLYHGSWTVPLGKPSEKNEIHVTSNHVELHNEIEYSKEDDEAIENYIKEHVETTWHCLGTCSMAPKGGNRNAPKGGVVDARLNVHDVKHLKVADLSICPDNVGCNTFSTALTIGEKCATLVAEDLGYS	17476699	2.0
A5LGE2	unreviewed	A5LGE2_9ASCO	alcohol oxidase (EC 1.1.3.13)	AOD2	Ogataea pignaliae	656	1.1.3.13	MAIPDEFDIIVVGGGSTGCAIAGRLANLDENVTVALIEGGENNINNPWVYLPGVYPRNMRLDSKTATFYSSRPSPHLNGRRAIVPCANILGGGSSINFLMYTRASASDYDDWENEGWTTDELLPLMKKLETYQRPCSNREVHGFDGPIKVSFGNYTYPGCQDFLRAAESQGIPFVDDAEDLKVSHGAEHWLKWINRDLGRRSDSAHAYVHPTMRNKSNLFLITSTKCEKVIIENGVAVGVKTVPQKPLDTKKQLSKIYKARKQIVVSCGTISSPLVLQRSGIGSAHKLRQVGIKPIVDLPGVGQNFQDHYCFFTPYYVKPDVPSFDDFVRGDKATQKAAFDQWYANKDGPLTTNGIEAGVKIRPTEEELATADEDFQSGWHDYFENKPDKPLMHYSLISGFFGDHTKIPNGKFMTMFHFLEYPFSRGFVHVVSPNPYDAPDFDTGFMNDPRDMWPMVWSYKKSRETARRMESFAGEVTSHHPYYPVDSPARARDLDLETCKAYAGPNHFTANLYHGSWTSPIDKPSQKNELHVTSNQVELHADIEYTAEDDVAIENYIREHVETTWHCLGTCSMAPRDGNKNAPLGGVVDSRLNVYEVEHLKVADLSICPDNVGCNTYSTALLIGEKAATLVAEDLGYSGEALDMTIPNFKLGTYE	17476699	2.0
A6PZG7	unreviewed	A6PZG7_PICAN	alcohol oxidase (EC 1.1.3.13)	mox1	Pichia angusta (Yeast) (Hansenula polymorpha)	664	1.1.3.13	MAIPDEFDIIVVGGGSTGCCIAGRLANLDDQNLTVALIEGGENNINNPWVYLPGVYPRNMRLDSKTATFYSSRPSKALNGRRAIVPCANILGGGSSINFLMYTRASASDYDDWESEGWSTDELLPLIKKIETYQRPCNNRDLHGFDGPIKVSFGNYTYPTCQDFLRAAESQGIPVVDDLEDFKTSHGAEHWLKWINRDLGRRSDSAHAYIHPTMRNKQSLFLITSTKCDKVIIEDGKAVAVKTVPMKPLNPKKPVSRTFRARKQIVISCGTISSPLVLQRSGIGAAHHLRSVGIKPIVDLPGVGENFQDHYCFFTPYYVKPDVPTFDDFVRGDPVAQKAAFDQWYSNKDGPLTTNGIEAGVKIRPTEEELATADEDFRRGYADYFENKPDKPLMHYSVISGFFGDHTKIPNGKFMTMFHFLEYPFSRGFVRVTSANPYDAPDFDTGFLNDERDLWPMVWAYKKSRETARRMESFAGEVTSHHPLFKVDSPARARDLDLETCSAYAGPNHLTANLYHGSWTVPIGKPTPKNEFHVTSNQVQLHSDIEYSEEDDEAIVNYIKEHTETTWHCLGTCSMAPREGSKIAPKGGVLDARLNVYGVQNLKVADLSVCPDNVGCNTYSTALTIGEKAATLVAEDLGYSGSDLDMTIPNFKLGTYEETGLARF		2.0
A6PZG8	unreviewed	A6PZG8_PICAN	alcohol oxidase (EC 1.1.3.13)	mox1	Pichia angusta (Yeast) (Hansenula polymorpha)	664	1.1.3.13	MAIPDEFDIIVVGGGSTGCCVAGRLANLDDQNLTVALIEGGENNVNNPWVYLPGVYPRNMRLDSKTATFYSSRPSKALNGRRAIVPCANILGGGSSINFLMYTRASASDYDDWESEGWSTDELLPLIKKIKTYQRPCNNRDLHGFDGLIRVSFGNYTYPTCQDFLRAAESQGIPVVDDLEDFKTSHGAEHWLKWINRDLGRRSDSAHAYIHPTMRNKQSLFLITSTKCDKVIIEDGKAVAVKTVPMKPLNPKKPVSRTFRARKQIVISCGTISSPLVLQRSGIGAAHHLRSVGIKPIVDLPGVGEDFQDHYCFFTPYYVKPDVPTFDDFVRGDPVAQKAAFDQWYSNKDGPLTTNGIEAGVKIRPTEEELATADEDFRRGYADYFENKPDKPLMHYSVISGFFGDHTKIPNGKFMTMFHFLEYPFSRGFVRVTSANPYDAPDFDTGFLNDERDLWPMVWAYKKSRETARRMESFAGEVTSHHPLFKVDSPARARDLDLETCSAYAGPNHLTANLYHGSWTVPIGKPSPKNESHVTSNQVQLHSDIEYSEEDDEAIVNYIKEHTETTRHCLGTCSMAPREGSKIAPKGGVLDARLNVYGVQNLKVADLSVCPDNVGCNTYSTALTIGEKAATLVAEDLGYSGSDLDMTIPNFKLGTYEETGLARF		2.0
A6PZG9	unreviewed	A6PZG9_PICAN	alcohol oxidase (EC 1.1.3.13)	mox1	Pichia angusta (Yeast) (Hansenula polymorpha)	664	1.1.3.13	MAIPDEFDIIVVGGGSTGCCVAGRLANLDDQNLTVALIEGGENNINNPWVYLPGVYPRNMRLDSKTATFYSSRPSKALNGRRAIVPCANILGGGSSINFLMYTRASASDYDDWESEGWSTDELLPLIKKIETYQRPCNNRDLHGFDGPIKVSFGNYTYPTCQDFLRAAESQGIPVVDDLEDFKTSHGAEHWLKWINRDLGRRSDSAHAYIHPTMRNKQSLFLITSTKCDKVVIEDGKAVAVKTVSVKPLNPKKPVSRTFRARKQIVISCGTISSPLVLQRSGIGAAHHLRSVGIKPIVDLPGVGENFQDHYCFFTPYYVKPDVPTFDDFVRGDPVAQKAAFDQWYSNKDGPLTTNGIEAGVKIRPTEEELATADEDFRRGYADYFENKPDKPLMHYSVISGFFGDHTKIPNGKFMTMFHFLEYPFSRGFVRVTSANPYDAPDFDTGFLNDERDLWPMVWAYKKSRETARRMESFAGEVTSHHPLFKVDSPARARDLDLETCSAYAGPNHLTANLYHGSWTVPIGKPSPKNEFHVTSNQVQLHSDIEYSEEDDEAIVNYIKEHTETTWHCLGTCSMAPREGSKIAPKGGVLDARLNVYGVQNPKVADLSVCPDNVGCNTYSTALTIGEKAATLVAEDLGYSGSDLDMTIPNFKLGTYEETGLARF		2.0
A9ZSY8	unreviewed	A9ZSY8_9ASCO	alcohol oxidase (EC 1.1.3.13)	FOD1	Schwanniomyces vanrijiae	576	1.1.3.13	MVQSHYDFVIVGGGTAGNTVAGRLAENPNVTVLVVEAGVANSADLPEITTPSNAMNLRGSKHDWAYKTTLVKRDDYERIEKPNTRGKALGGSSSLNYFTWIPGCKPTFDRWAEYGGEEWTWDPLVPYLRKSATYHDDTGLYNPELKKLGAGGPIPISHSELVEELEPFRENLIKAWKSTGKPFTENIYDGEMIGLNHCISTIYHGKRSGSFLFVKNRPNITIIPEVHSKNLIIDASNTAKGVVVIDKEGNEHSFYATREVILSQGVFESPKLLMLSGVGPRKELESNGIEVKVESRHVGQNLLDHPGVPFVLQVKDDICVDDILMRQNEKNKAAHVQYQKDGSGPVGSGLLELVGFPRIDEYFEKDPLYRERKAANGGKDPFCPEGQPHFELDFVGMYGTAFQWHFPTPKKGSHITIVVDLVRPVSEGGEVTLNSADPLEQPKINLNFFADELDIVGMREGIRFTYDLLTKGDGFKDLVVKEFPWEMPLDDDKEMRRAVLDRCQTAFHPCGTNRLSKNIEQGVVDPALKVHGVKNLRVIDASIIPVIPDCRIQNSVYMIGEKGADLIKAAHKDLYN	18685206	2.0
A9ZSY9	unreviewed	A9ZSY9_9ASCO	alcohol oxidase (EC 1.1.3.13)	FOD2	Schwanniomyces vanrijiae	576	1.1.3.13	MVQSHYDFIIVGGGTAGNTVAGRLAENPDVSILVVEAGVANSSELPEITTPSNAMNLRSSKHDWAYKTTLVKRDDYERIEKPNTRGKALGGSSSLNYFTWIPGCKPTFDRWAEYGGKEWTWDPLVPYLRKSVTYHDDAGLYNPELKKVGGGGPIPISHSELVNELKPFRDNLIKAWKSTGKPLTENIYDGEMIGLNHCISTIYHGKRSGSYLFLQNTPNVTIIPEVHSKTLIIDASHTAKGVVVIDKEGNEHSFYATREVIVSQGVFESPKLLMLSGIGPRKELESNGIEVKVESRHVGQNLLDHPGVPFVLQVKDGVCADDILMRPTAQNKAAIAQYQKDGSGAVGSGLLEIVGFPRIDEYFEKDPLYRERKAANGGKDPFCPEGQPHFELDFVGMYGTAFQWHFPTPKKGSHITVVVDLVRPVSDPGEVTLNSADPLEEPKINLNFFADDLDIVGMREGIRFSYDVLTKGTGFKDLVVKEFPWEMPLDDEKEMKRAVLDRCQTAFHPCGTARLSKNIDQGVVDPALKVHGVKHLRVIDASIIPIIPDCRIQNSVYMIGEKGADLIKADHKDLYK	18685206	2.0
A9ZSZ0	unreviewed	A9ZSZ0_9ASCO	alcohol oxidase (EC 1.1.3.13)	FOD3	Schwanniomyces vanrijiae	576	1.1.3.13	MVQSHYDFIIVGGGTAGNTVAGRLAENPDVSILVVEAGVANSSELPEITTPSNAMNLRSSKHDWAYKTTLVKRDDYERIEKPNTRGKALGGSSSLNYFTWIPGCKPTFDRWAEYGGKEWTWDPLVPYLRKSVTYHDDAGLYNPELKKVGGGGPIPISHSELVNELKPFRDNLIKAWKSTGKPLTENIYDGEMIGLNHCISTIYHGKRSGSYLFLQNTPNVTIIPEVHSKTLIIDASHTAKGVVVIDKEGNEHSFYATREVIVSQGVFESPKLLMLSGIGPRKELESNGIEVKVESRHVGQNLLDHPGVPFVLQVKDGVCADDILMRPTAQNKAAIAQYQKDGSGAVGSGLLEIVGFPRIDEYFEKDPLYRERKAANGGKDPFSPEGQPHFELDFVGMYGTAFQWHFPTPKKGSHITVVVDLVRPVSDPGEVTLNSADPLEEPKINLNFFADDLDIVGMREGIRFSYDVLTKGTGFKDLVVKEFPWEMPLDDEKEMKRAVLDRCQTAFHPCGTNRLSKNIEQGVVDPALKVHGVKHLRVIDASIIPIIPDCRIQNSVYMIGEKGADLIKADHKDLYK	18685206	2.0
C5DZ68	unreviewed	C5DZ68_ZYGRC	alcohol oxidase (EC 1.1.3.13)	ZYRO0F18634g	Zygosaccharomyces rouxii (strain ATCC 2623 / CBS 732 / NBRC 1130 / NCYC 568 / NRRL Y-229) (Candida mogii)	576	1.1.3.13	MADYEYDFIVLGGGTAGNVVAGRLAENPDVRILVVEAGVGNTLEIEDIKTPSSAMELRDSLYDWAYKTTMVKREDYERTEKPNTRGKALGGSSSLNYFSWIPGCRSTFDRWEEFGGEEWTWDPLVPYLRKSVTYHDDLKLYPEELKKIGSGGPLPISHAELEKKLVPFREKVIEACKSRDLPVNENTFDGDMVGLTHCVNSIYHGVRSSSVYFVKDKSNITILTHVHSKKIIIDPADKVTKGVTIIKLSGEEHSYYAKREVIVAQGVFESPKLLMLSGVGPKKELETHGIDVIVENPHVGQHLLDHPGVPFVLHVKDGFGMDDHLLHEGPAHTAAVEQYKKDSTGPVGFGLFELIGFPRIDHYLEKDPHYSQTKKANGDKDPFAPKGQPHFELDFVSMFGSAFQWHYPTPKKGAYTSVVVNLVRPHSKPGEVRLNSMDPLLQPYINLNFFADELDIIAMREGIRFSYDILTKGKGFKDIILSEYPWEMPLDDDKEMRKQILDRVQTAFDSCGTARLSKSIKQGVVDPSLKVHGVKGLRVIDASVIPVIPDCRIQNSVYAIGEKGADSIKAAHRDLY	19525356	2.0
C5E503	unreviewed	C5E503_ZYGRC	alcohol oxidase (EC 1.1.3.13)	ZYRO0E10340g	Zygosaccharomyces rouxii (strain ATCC 2623 / CBS 732 / NBRC 1130 / NCYC 568 / NRRL Y-229) (Candida mogii)	522	1.1.3.13	MELRGSKYDWAYKTTMVKRDDYERIEKPNTRGKALGGSSSLNYFSWIPGCKPTFDRWEEFGGEEWTWDPLVPYLRKSATYHDDLKLYPEELKKIGGGGPLPISHAELVDELAPFREKIIEAWKSRDLPMSENIYDGEMIGLTHCVDSIYHGVRSSSVYFLKEKPNITILSQVHSKKVIIDAADKVAKGVTIIKPSGEEHSYYAKREVIVAQGVFESPKLLMLSGVGPKKELETHGIDVIVENPHVGQHLLDHPGVPFVLHVKDGFGMDDHLLREGPAHTAAVEQYKKKSTGPVGSGLLELVGFPRIDEYLEKDPHYLQAKKANGGKDPFCPEGQPHFELDFVSMFGSAFQWHYPTPKEGCYTSVVVDLVRPISEPGEVKLNSADPLVQPNINLNFFADELDIIAMREGIRFSYDVLTKGKGFKDIVVGEYPWEMPLDDDKEMRKQILDRVQTAFHPCGTARLSKSSEQGVVDSSLKVHGVKGLRVIDASVIPVIPDCRIQNSVYAIGEKGADAIKEAHKDLY	19525356	2.0
C5MAH1	unreviewed	C5MAH1_CANTT	alcohol oxidase (EC 1.1.3.13)	CTRG_03063	Candida tropicalis (strain ATCC MYA-3404 / T1) (Yeast)	378	1.1.3.13	MLLRMRGKKLGYKSKPIDHKRGGHPHHPCGFCHLGCKYGIKQGSVNNWFRDAAANGSKFMQQVRVLQIINKKGIASGILCEDVATGVKFTITGPKKYVVAAGALNTPIVLNNSGFKNKHIGKNLTLHPVSTVFGDFGKEVQADHFHKSIMTSLCYEVADLDGKGHGCRIETILNAPFIQASLLPWRGSDEVRRDLLRYNNMVAMLLITRDTTSGSVSADPKKPEALIVDYDVSKFDKNAILQAFLITSDMLYIEGAKRILSPQAWVPIFESSKPRDERSIDDKDYVEWRAKAAKIPFDSYGSAYGSAHQMSTCRMSGKGPKYGAVDTDGRLFECSNVYVADASVLPTASGANPMITTMTFARNIALGLAEDLKSKAKL	19465905	2.0
G8ZNE6	unreviewed	G8ZNE6_TORDE	alcohol oxidase (EC 1.1.3.13)	TDEL0B00110 TDEL_0B00110	Torulaspora delbrueckii (Yeast) (Candida colliculosa)	577	1.1.3.13	MSDLHYDFIIIGGGTAGNVVAGRLAENPNVNILVVEAGVGNSYEIREITTPSNAMELRGSKYDWAYKTTIVKRDDYERVEKPNTRGKALGGSSSLNYFTWIPGCKPTFDMWQEYGGEGWTWDSLVPYLRKSATYHDDEGLYLDELKKIGNGGPLPISHSELLPELAPFREKLSQAWKSMDLPLTENIYDGEMIGLTHCVDSIYHGQRSGSFYFVKDRPNITILSEVHSKNIIIDRADKVAKGVTVIKPNGEEHSFYATREVILAQGVFESPKLLMLSGIGPKKELEKFGIDVIVENEHVGQHLLDHPAVPFVLEVEESYGMDNHLLRKTPLNAKAVEQYKDRGRGPLGSGLLELVGFPRIDSYLEKDPGYVRAKAANGGKDPFCPDGQPHFELDFVGMFGSAFQWHYPTPKKGCYTSIVVDLVRPVSEGGEVTLNSADPLVQPYINLNFFENELDIIAMREGIRFTYDLLTKGAGFKDIVIGEYPWQMPLDNDKEMRRAVLDRCQTAFHPCGTNRLSKSSEQGVVDPELRVHGIKGLRVIDASIIPVIPDCRIQNSVYAIGEKGADMIKEVHKDLYK	22123960	2.0
M5C9N9	unreviewed	M5C9N9_THACB	Alcohol oxidase Short=AOX (EC 1.1.3.13)	AOD1 BN14_09900	Thanatephorus cucumeris (strain AG1-IB / isolate 7/3/14) (Lettuce bottom rot fungus) (Rhizoctonia solani)	593	1.1.3.13	MHQETDIIFVGGGTAACVAAGRLAASNPGLEILVVEQGSDNFKDPSVTTPALYLTHADPESKNTIHWKGTKSDAANGRETGTTSGGILGGGSSINFMMYAQPAASDFDDWNAVGWSAKDLIPLFQKNETYHVAPGLKNHGYDGPVNISYSDYFAKVAQEYLGVCATMGIPPADDLMDFQTGHGSGRLAKYIHPVTGQRQDAAHLFIHTQSHNKSLRVMTKALVTRVLFEGTKAIGVEITMNKNQDPNADQTPQRIYARKLVVISSGAISTALVLQRSGVGDATLLTKLGIDVVVNLPSVGSEYQDHGMCLFPFYVPKDTETCNSILTPEPGYMEAAQTQFKGGKGFLTSNFSDAGSKIRPTPDELKELGPAFNQYWKERFESAPDKPAVIQVIFNGFFGPPFLVPEGLRLILCANFLGYPMSRGHVYISSADPYAPPNFRSGLIEEQADVEFDSSVDHFLREVARRMPSYRGEPASLHPKFPEGSVAGCVRLDEPPPKEQDNLVYTPEDDKVLEDFIRQSAEATPHSVGTVQMAPKAKGGCVDDRLNTTNILTKSTDLSILPGSIGANSYSTALMVGEKAAILIAEDLGLNLP	23280342	2.0
Q1JUK7	unreviewed	Q1JUK7_9ASCO	alcohol oxidase (EC 1.1.3.13)	OmAOX1	Ogataea minuta	663	1.1.3.13	MAIPDEFDIIVVGGGSCGCAIAGRLGNLDPDVTVALIEGGENNINNPWVYLPGVYPRNMRLDSKTATFYNSRPSKHLNGRRAIVPCANILGGGSSINFLMYTRASASDYDDWEQEGWTTDELLPLMKKLETYQRPCNNREVHGFDGPIKVSFGNYTYPTAQDFLRACESQGIPFNDDLEDLKASHGAEYWLKWINRDLGRRSDSAHAYIHPTMRNKSNLFLITSTKADKVIIENGVAVGVRTVPMKPVETKNPPSRIFKARKQIVVSCGTISSPLVLQRSGIGAAHKLRQAGIKPIVDLPGVGENFQDHYCFFTPYYSKPEVPTFDDFVRGDPVAQKSAFDQWYSNKDGPLTTNGIEAGVKIRPTDEELATADDDFIQGYHEYFDNKPDKPLMHYSVISGFFGDHTKIPNGKFFTMFHFLEYPFSRGFVYAVSPDPYEAPDFDPGFLNDSRDMWPMVWSYKKSRQTARRMESFAGEVTSHHPLYPVDSPARAKDLDLETCKAFAGPNHFTANLYHGSWTVPIEKPTPKNDSHVTCNQVEIFSDIDYSAEDDEAIVKYIKEHTETTWHCLGTCSMAPQEGSKIAPKGGVVDARLNVYEVKNLKVADLSICPDNVGCNTYSTALLIGEKAATLVAEDLGYSGSDLAMTIPNFKLGTYEEKGLARF		2.0
Q5S057	unreviewed	Q5S057_CANBO	alcohol oxidase (EC 1.1.3.13)	aox	Candida boidinii (Yeast)	653	1.1.3.13	MAIPEEFDVIVCGGGSTGCVIAGRLANVDENLKVLLIENGENNLNNPWVYLPGIYPRNMRLDSKTATFYNSRPSKHLNGRRAIVPQANILGGGSSINFMMYTRASASDYDDWESEGWTTEELLPLMKKFETYQRPCNNRDLHGFDGPIKVSFGNYTYPQCQDFLRACETQGIPYVDDLEDLKTSHGAEQWLKWINRDFGRRSDTAHAFIHSTMRNKENLFLLTNTKVDKVIIEDGRAVAVRTVPSKPIGDSKVSRTFRARKQIVVSCGTISSPMVLQRSGIGEPSKLRAAGVKPIVELPGVGRNFQDHYCYFVPYRIKQDSESFDAFVSGDKDAQKSAFDQWYATGTGPLATNGIEAGVKIRPTKAELATADKDFQEGWESYFENKPDKPLMHYSVISGFFGDHTKLPPGKYMTMFHFLEYPFSRGWLHINSDDPYGSPDFDPGFLNDERDMWPMVWAFKKSRETARRMECFAGEPTAFHPHYCVDSPARSLEQSLEDTRKLAGPLHLTANLYHGSWSTTIGEADKHDPNHVTSSHINVYGKNIQYTEEDDKAIEKYIKEHVETTWHCLGTNSMAPKEGNKNAPEGGVLDPRLNVHGVKGLKVADLSVCPDNVGCNTFSTALTIGEKAAVLIAEDLGYSGSELDMEVPQFKLK	16032762	2.0
Q5S058	unreviewed	Q5S058_CANBO	alcohol oxidase (EC 1.1.3.13)	aox	Candida boidinii (Yeast)	663	1.1.3.13	MAIPEEFDVIVCGGGSTGCVIAGRLANVDENLKVLLIENGENNLNNPWVYLPGIYPRNMRLDSKTATFYNSRPSKHLNGRRAIVPQANILGGGSSINFMMYTRASASDYDDWESEGWTTDELLPLMKKFETYQRPCNNRDLHGFDGPIKVSFGNYTYPQCQDFLRACETQGIPYVDDLEDLTTSHGAEQWLKWINRDLGRRSDTAHAFIHSTMRNKENLFLLTNTKVDKVIIENGRAVAVRTVPSKPIGDSKVSRTFKARKQIVVSCGTISSPMVLQRSGIGEPSKLRAAGVKPIVEVPGVGKNFQDHYCYFVPYRIKHDSESFDAFVSGDKEAQKSAFDQWYATGSGPLATNGIEAGVKIRPTQAELATADKGFQDGWETYFENKPDKPLMHYSVISGFFGDHTKLPPGKYMTMFHFLEYPFSRGWLHISSDDPYDSPDFDPGFLNDDRDMWPMVWAFKKSRETARRMECFAGEPTPFHPHYPCDSPARALEQSLEDTRKLAGPLHLTASLYHGSWSTTIGEADKHNPSHVTSSHINVYGKNIQYTEDDDKAIEKYIKEHVETTWHCLGTNSMAPLEGNKNAPEGGVLDPRLNVHGVKGLKVADLSVCPDNVGCNTFSTALTIGEKAAVLIAEDLGYSGSALDMEVPQFKLKTYEQSGAARY	16032762	2.0
Q5S059	unreviewed	Q5S059_9ASCO	alcohol oxidase (EC 1.1.3.13)	aoxB	Pichia sp. BZ159	664	1.1.3.13	MAIPDEFDIIVVGGGSTGCALAGRLGNLDENLTVALIEGGENNINNPWVYLPGVYPRNMRLDSKTATFYSSRPSPHLNGRRAIVPCANILGGGSSINFLMYTRASASDYDDWESEGWTTDELLPLMKKLETYQRPCNNRELHGFDGPIKVSFGNYTYPNCQDFLRAAESQGIPFVDDAEDLKCSHGAEHWLKWINRDLGRRSDSAHAYIHPTMRNKQNLYLITSTKCDKIVIEDGVAVGVKTVPMKPTGTTKTQIARTYRARKQIIVSCGTISSPLVLQRSGIGSAHKLRQVGIKPIVDLPGVGMNFQDHYCFFTPYHVKPDTPSFDDFVRGDKVAQKSAFDQWYANKDGPLTTNGIEAGVKIRPTEEELATADDEFRAAYDDYFGNKPDKPLMHYSLISGFFGDHTKIPNGKYMCMFHFLEYPFSRGFVHVVSPNPYDAPDFDPGFMNDPRDMWPMVWSYKKSRETARRMECFAGEVTSHHPHYPYDSPARAADMDLETCKAYAGPDHFTANLYHGSWTVPIEKPEAKNAAHVTSNQVEKHRDIEYTKEDDAAIEDYIREHTETTWHCLGTCSMAPRDGSKVVPTGGVVDSRLNVYGVEKLKVADLSICPDNVGCNTYSTALLIGEKASTLVAEDLGYSGDELKMTIPNFKLGTYEEAGLGRF	16032762	2.0
Q5S060	unreviewed	Q5S060_9ASCO	alcohol oxidase (EC 1.1.3.13)	aoxA	Pichia sp. BZ159	664	1.1.3.13	MAIPDEFDIIVVGGGSTGCAIAGRLGNLDENLTVALIEGGENNINNPWVYLPGVYPRNMRLDSKTATFYSSRPSPHLNGRRAIVPCANILGGGSSINFLMYTRASASDYDDWESEGWTTDELLPLMKKLETYQRPCNNRDVHGFDGPIKVSFGNYTYPNCQDFIRAAESQGIPFVDDAEDLKCSHGAEHWLKWINRDLGRRSDSAHAYIHPTMRNKQNLFLITSTKCDKIIIEDGVAVGVKTVPMKPTGSINKQIARTFKARKQIVVSCGTISSPLVLQRSGIGAAHKLRQVGIKPIVDLPGVGENFQDHYCFFTPYHVKPDTPSFDAFVRGDKAVQKSAFDQWYANKDGPLTTNGIEAGVKIRPTDEELATADDEFRAAYDDYFGNKPDKPLMHYSVISGFFGDHTKIPNGKYMCMFHFLEYPFSRGFVHVVSANPYDAPDFDPGFMNDPRDMWPMVWSYKKSRETARRMECFAGEVTSHHPYYPYDSPARAADMDLETTKAYAGPDHFTANLYHGSWTVPIEKPEAKNALHVTSNQIEKHREIEYTKEDDLAIEKYIREHTETTWHCLGTCSMAPREGSKIAPKGGVVDARLNVHGLKHFKVADLSICPDNVGCNTYSTALLIGEKCATLVAEDLGYSGDALKMTIPNFKLGTYEERGLGRF	16032762	2.0
Q6CEP8	unreviewed	Q6CEP8_YARLI	alcohol oxidase (EC 1.1.3.13)	YALI0_B14014g	Yarrowia lipolytica (strain CLIB 122 / E 150) (Yeast) (Candida lipolytica)	609	1.1.3.13	MSDDKHTFDFIIVGGGTAGPTLARRLADAWISGKKLKVLLLESGPSSEGVDDIRCPGNWVNTIHSEYDWSYEVDEPYLSTDGEERRLCGIPRGHCLGGSSCLNTSFVIRGTRGDFDRIEEETGAKGWGWDDLFPYFRKHECYVPQGSAHEPKLIDFDTYDYKKFHGDSGPIKVQPYDYAPISKKFSESLASFGYPYNPEIFVNGGAPQGWGHVVRSTSNGVRSTGYDALVHAPKNLDIVTGHAVTKILFEKIGGKQTAVGVETYNRAAEEAGPTYKARYEVVVCCGSYASPQLLMVSGVGPKKELEEVGVKDIILDSPYVGKNLQDHLICGIFVEIKEPGYTRDHQFFDDEGLDKSTEEWKTKRTGFFSNPPQGIFSYGRIDNLLKDDPVWKEACEKQKALNPRRDPMGNDPSQPHFEIWNAELYIELEMTQAPDEGQSVMTVIGEILPPRSKGYVKLLSPDPMENPEIVHNYLQDPVDARVFAAIMKHAADVATNGAGTKDLVKARWPPESKPFEEMSIEEWETYVRDKSHTCFHPCGTVKLGGANDKEAVVDERLRVKGVDGLRVADVSVLPRVPNGHTQAFAYAVGEKAADLILADIAGKDLRPRI	15229592	2.0
Q6TAW1	unreviewed	Q6TAW1_OGAPI	alcohol oxidase (EC 1.1.3.13)		Ogataea pini (Yeast) (Pichia pinus)	663	1.1.3.13	MAIPEEFDILVLGGGSSGSCIAGRLANLDHSLKVGLIEAGENNLNNPWVYLPGIYPRNMKLDSKTASFYTSNPSPHLNGRRAIVPCANVLGGGSSINFMMYTRGSASDYDDFQAEGWKTKDLLPLMKKTETYQRACNNPDIHGFEGPIKVSFGNYTYPVCQDFLRASESQGIPYVDDLEDLVTAHGAEHWLKWINRDTGRRSDSAHAFVHSTMRNHDNLYLICNTKVDKIIVEDGRAAAVRTVPSKPLNPKKPSHKIYRARKQIVLSCGTISSPLVLQRSGFGDPIKLRAAGVKPLVNLPGVGRNFQDHYCFFSPYRIKPQYESFDDFVRGDAEIQKRVFDQWYANGTGPLATNGIEAGVKIRPTPEELSQMDESFQEGYREYFEDKPDKPVMHYSIIAGFFGDHTKIPPGKYMTMFHFLEYPFSRGSIHITSPDPYAAPDFDPGFMNDERDMAPMVWAYKKSRETARRMDHFAGEVTSHHPLFPYSSEARALEMDLETSNAYGGPLNLSAGLAHGSWTQPLKKPTAKNEGHVTSNQVELHPDIEYDEEDDKAIENYIREHTETTWHCLGTCSIGPREGSKIVKWGGVLDHRSNVYGVKGLKVGDLSVCPDNVGCNTYTTALLIGEKTATLVGEDLGYTGEALDMTVPQFKLGTYEKTGLARF		2.0
Q9UVU1	unreviewed	Q9UVU1_OGAME	alcohol oxidase (EC 1.1.3.13)	MOD2	Ogataea methanolica (Yeast) (Pichia methanolica)	663	1.1.3.13	MAIPEEFDIIVVGGGSAGCPTAGRLANLDPNLTVALIEAGENNINNPWVYLPGVYPRNMRLDSKTATFYSSRPSPHLNGRRAIVPCANILGGGSSINFMMYTRGSASDYDDWESEGWTTDELLPLMKRLETYQRPCNNPDLHGFDGPIKVSFGNYTYPNCQDFLRAAESQGIPFVDDAEDLKTSHASQHWLKWINRDLGRRSDAAHAYIHPTMRNKSNLYLITSTKADKVIIEDGVAAGIQVVPSKPLNPEKPAAKIYKARKQIILSCGTISTPLVLQRSGIGSAHKLRQAGIKPIVDLPGVGMNFQDHYCFFTPYHVKPDTPSFDDFARGDKAVQKSAFDQWYANKDGPLTTNGIEAGVKIRPTAEELATADEDFQLGYASYFENKPDKPLMHYSLISGFFGDHTKIPNGKYMTMFHFLEYPFSRGFVHVVSPSPYDAPDFDPGFMNDPKDMWPMVWAYKMSRETARRMECFAGEVTSHHPKYPYDSPARAKDLDLETCKAYAGPDHFTANLYHGSWTIPLEKPTPKNTSHVYSNQVELHAQLEYSKEDDIAIENYIKEHVETTWHCLGTCSMAPREGSSIVPTGGVVDERLNVYDVAHLKCADLSICPDNVGCNTYSTALLVGEKASMIVAEDLGYSGAELDMTIPGFKLGTYESTGLGRF	10487924	2.0
Q9UVU2	unreviewed	Q9UVU2_OGAME	alcohol oxidase (EC 1.1.3.13)	MOD1	Ogataea methanolica (Yeast) (Pichia methanolica)	664	1.1.3.13	MAIPDEFDIIVVGGGSTGCALAGRLGNLDENVTVALIEGGENNINNPWVYLPGVYPRNMRLDSKTATFYSSRPSPHLNGRRAIVPCANILGGGSSINFLMYTRASASDYDDWESEGWTTDELLPLMKKIETYQRPCNNRELHGFDGPIKVSFGNYTYPNGQDFIRAAESQGIPFVDDAEDLKCSHGAEHWLKWINRDLGRRSDSAHAYIHPTMRNKQNLFLITSTKCEKIIIENGVATGIKTVPMKPTGSPKTQVARTFKARKQIIVSCGTISSPLVLQRSGIGSAHKLRQVGIKPVVDLPGVGMNFQDHYCFFTPYHVKPDTPSFDDFVRGDKAVQKSAFDQWYANKDGPLTINGIEAGVKIRPTEEELATADDEFRAAYDDYFGNKPDKPLMHYSLISGFFGDHTKIPNGKYMCMFHFLEYPFSRGFVHVVSPNPYDAPDFDPGFMNDPRDMWPMVWSYKKSRETARRMDCFAGEVTSHHPHYPYDSPARAADMDLETTKAYAGPDHFTANLYHGSWTVPIEKPTPKNAAHVTSNQVEKHRDIEYTKEDDAAIEDYIREHTETTWHCLGTCSMAPREGSKVVPTGGVVDSRLNVYGVEKLKVADLSICPDNVGCNTYSTALLIGEKASTLVAEDLGYSGDALKMTVPNFKLGTYEEAGLARF	10487924	2.0
W1QCJ3	unreviewed	W1QCJ3_OGAPD	alcohol oxidase (EC 1.1.3.13)	HPODL_03886	Ogataea parapolymorpha (strain ATCC 26012 / BCRC 20466 / JCM 22074 / NRRL Y-7560 / DL-1) (Yeast) (Hansenula polymorpha)	664	1.1.3.13	MAIPDEFDIIVVGGGSTGCCVAGRLANLDDQNLTVALIEGGENNINNPWVYLPGVYPRNMRLDSKTATFYSSRPSKALNGRRAIVPCANILGGGSSINFLMYTRASASDYDDWESEGWSTDELLPLIKKIETYQRPCNNRDLHGFDGPIKVSFGNYTYPTCQDFLRAAESQGIPVVDDLEDFKTSHGAEHWLKWINRDLGRRSDSAHAYIHPTMRNKQSLFLITSTKCDKVIIEDGKAVAVKTVPMKPLNPKKPVSRTFRARKQIVISCGTISSPLVLQRSGIGAAHHLRSVGIKPIVDLPGVGENFQDHYCFFTPYYVKPDVPTFDDFVRGDPVAQKAAFDQWYSNKDGPLTTNGIEAGVKIRPTEEELATADEDFRRGYADYFENKPDKPLMHYSVISGFFGDHTKIPNGKFMTMFHFLEYPFSRGFVRVTSANPYDAPDFDTGFLNDERDLWPMVWAYKKSRETARRMESFAGEVTSHHPLFKVDSPARARDLDLETCSAYAGPNHLTANLYHGSWTVPIGKPSPKNEFHVTSNQVQLHSDIEYSEEDDEAIVNYIKEHTETTWHCLGTCSMAPREGSKIAPKGGVLDARLNVYGVQNLKVADLSVCPDNVGCNTYSTALTIGEKAATLVAEDLGYSGSDLDMTIPNFKLGTYEETGLARF	24279325	2.0
W6MF75	unreviewed	W6MF75_9ASCO	alcohol oxidase (EC 1.1.3.13)	KUCA_T00000315001	Kuraishia capsulata CBS 1993	663	1.1.3.13	MAIPDEFDIIVAGGGSAGCCIAGRLANLDPELKVCLIEAGENNLNNPWVYLPGIYPRNMQLDSKTATFYTAEPSPHLNGRRAIVPCANILGGGSSINFMMYTRGSASDYDDWETEGWTTKDLLPLMKKTETYQRACNNRDIHGFEGPIKVSFGNYTYDNCQDFLRAAESQGIPVVDDLEDLVTAHGAEHWLKWINRDTGRRSDSAHAFIHSTMRNKDNLFLVTSTKIDKIIVEDGRAVGVKTVPSKPLDPKNPKTRTFRARKQIVLSCGTVSSPMVLQRSGFGDPQKLRAAGVKPLVNLPGVGRNFQDHYCFFTPYRIKPHLESFDDFVRGDKDVQKKVFDQWYANGTGPLATNGIEAGVKIRPTEEELAAMDSDFREGYEEYFRNKPDKPVMHYSVISGFFGDHTKIAPGKYMSMFHFLEYPFSRGYVQIKSADPYAAPTFDPGFMNDKRDMAPMIWAYKKSRETARRMDAFAGEVTSHHPYFPYDSDARALEMDLETSKAYGGPLHLSANLAHGSWSQPIGKPSIKNADHCTSNQVGLHAEIEYTKEDDLAIENYIKEHTETTWHCLGTNSMAPREGSKIAPHGGVLDPRANVYGVKGLKVGDLSVCPDNVGCNTYTTALLIGEKIATLVAEDLGYSGDDLAMEVPQFKLGTYEKTGLARF		2.0
A0A084FVR4	unreviewed	A0A084FVR4_PSEDA	Alcohol oxidase (EC 1.1.3.13)	SAPIO_CDS9833	Pseudallescheria apiosperma (Scedosporium apiospermum)	596	1.1.3.13	MGLYTKHASDISEVDVIIAGGGTAGCIVAGRLAEADPNLSILVIEGGPNNHNVPNIVHPALFATNLLPTSNTAIFYQGNKAKQLADREPIVPSGGTLGGGSSINFMMYTRGQREDFDSWNTPGWSANELKPFLNKFETYHGPGKKENHGYSGPINVSRGTYLASISEDDWITAAEKVGFPEIEDLQSLDDCGGFQRWQRYISLDGKRQDTAHCYIHPKLEQGDKYPNLHVLVEAKVVRVILDDKKRAVGVEYIDSTVKRTVKARKLVVVSCGACGTPSVLERSGIGSPEVLKKAGVPVVVDLPGVGHDYQDHNLVLPPYRTNLPVDQTIDSILSGRIDATDLIAKNDKILGWNSIDISAKLRPTEEEVDALGPEFRAAWDRDFKNTPNRPIMLMALISAFFGEHSTVPAGQYVSVGNYTAYPYSRGHIHITGPEVTDPLDFDVGFFSDEHDIDLKKQIWAYKKSREIMRRTNMYRGEVALGHPKFPEGSKAACVELDAGLSDVKDIEYTAEDDRAIEQWLRENIETTWHSLGTAKMAPREQLGVVAPNFDVYGTQGLKLADLSIPPENLGANVNNTALLIGEKAADIIIRELAVAT	25278533	1.0
A0A084FZ29	unreviewed	A0A084FZ29_PSEDA	Alcohol oxidase (EC 1.1.3.13)	SAPIO_CDS8185	Pseudallescheria apiosperma (Scedosporium apiospermum)	638	1.1.3.13	MAPKRYPTLSGALVALLGVTGIYARPSRCKSRAVGDPQILAADEVEEEYDYIIVGGGTAGLTVADRLTESGEHTVLVIEWGAYDNGTSVNTIAGGAGAFANQSHLFSFTSAPQTGLNNRTTAVIGGLMLGGSSGVNGLQVHRGHKDDYNRWNAYFGESNDSDWSWDGLLPYFKKAWHFHAPNEDTAEALDIKYDKSYWGEAGDVHASFPTFNWPGLRVEMEAFGEIEGVEFPPDSGAGSPGVYWYPTSADPTTMARSFSRTGHYDGISRDNYKVLTGHRVLNVVFDEDDAASGVRYVAKGAKGDADARSVSARKEVILAAGTIHTPQILQGSGIGAEELLKSAGIEVRVDLPGVGWNFQDHPLGGGASFDLADFPVSPQPGDLQSNASFREEAQAEFSESRSGPLTIASGNAACFLPLPVIAPSTFEDIASRYEAQDPASHLPPNSPPTIVAGYSAQQKAMAAAMRSHGSAYYNLFLRGGGSEGAIVFLHPASRGTVYVNPADPYFSEPVVDYRAMSNPVDVDIEVEFVKFTRRYFTETSMSEYGALESRPGEGVQSDEEIRDYVRANVSPSTFHPVGTSAMLPRELGGVVDQELRVYGVKRLSVVDASVMPDLPGAYTQQTAFAIAEKAADLIKARA	25278533	1.0
A0A084GDC9	unreviewed	A0A084GDC9_PSEDA	Alcohol oxidase (EC 1.1.3.13)	SAPIO_CDS2154	Pseudallescheria apiosperma (Scedosporium apiospermum)	823	1.1.3.13	MNDNTSHQANNNQSLPFPSSLSRKRQGMKLPLQLKLIPTPPGRYSGPTPLRKTMAPQRTMAQILEDLEEQDELSWEEKELAELTARNTELNKHIKCFASVDWGEEVHSAPKFKFKVVHQLPPGAVSFPLPPGVTVEEALQALEDQIRRYRDAKELAELTARNTEFNKNIKCVAVPAEFSARDNGSALPGHAASASVLKRQVQMREEYDYIIVGGGTVGLTIADRLTEDKDTTVLVIEYGYLDSSNAITAMGPDSNILSDHEMPRATRYYNITSPPMPGLNNRTKDVAAGCVVGGSSAVNGMIFDRGSAEDYDAWVWAAGEWQDEYAKEWGWDNLLPYFKRSVTFHPPDERMQEEYGMTSDEEAAYGGSTPIHSSYAPFQWPAQKLMWDAFKSVEGIDFPVEHADGHAVGVFWFPNSIDPSTRTRSYARLGHYSNENGPYTRPNFHLLPGHRVTQLILDEVDEEDSPEAWEATGVKFTPRDGDMPAEAYQVRAKKEVIVSAGTLHTPQVLQRSGIGPRDVLEAAGVEVKYHLPGVGWNFHDHQMYSVSWNWGVDVGPDSSTLARDPEYAALASELWEANKTGPHSAYPNSGAFLPLSVLTEEFTTIVNQVLAQDPTDYLPDHIDDTLIAGYKQQLQVLARQLNGTSSAVLELLFTGASSFSPINLRVFSRGYVYISPDDDGATGKGDVEPIVDYRALTNPVDVALNRVLLKFMRRFFSGEAMVEALDPTERSPTMDADSDEFEDWLRKTLNPSVAHPSGTCALGPVELGGVVGPDLRVHGARKLRVADCSIMTLVPGTHTSSTAYAIGEKAADLIRGRRIGDEA	25278533	1.0
A0A084GGR8	unreviewed	A0A084GGR8_PSEDA	GMC oxidoreductase (EC 1.1.3.13)	SAPIO_CDS0317	Pseudallescheria apiosperma (Scedosporium apiospermum)	622	1.1.3.13	MRYILWNESIVLAAIVAQAKAAGILRDFSELEASYDYIVAGGGLSGLVVASRLSEDPDITVLVVEYGDFDDSLNAALPYYAKNMQFSNLFYLTSVPQVGLANRTGGLAVGATVGGGSTVNGMAWDRGSKADYDAWEELGNPGWGWEGLLHYFRKSSTLTLPSEELISEYHYGLSGDGFGDGPVQVSLPSWQWPATYTYIDAFQEAGIQIRTDGGTNGVNVGFHWNPSDIDPVNGTRSSSRKAYWDPASDRPNLSLIVNTFASTVSFDGKTADGLNIVSRESDETVLVLASSEVILAAGAAHTPQILQLSGVGPRDLLEDLGIDEVVDLPGVGSNLQDHLSISMAWRFTNDMGLNPSALNDPEFLDEAFDEYWANKTGPITHTGKHCRVMLSLQNLTEEVDDIAAELTSEDPALYLGDTYLQREELLAGYAAQHAILATIVGKDEVSVFEHTFGGGADMSFHPQKPFSRGTIRISSTNPHPANSPPRLDFRAVTHPLDMKIAILGLKFGRRIMAGNAMSTLGTREIAPGSNITSDEELEELFRTRHINPSNAHPVGTTAMMPRDLGGVVDPRLRVYGVERLRIVDAGVFPLLPTCHTQATTYAVAEKAADLIREDRLDSQRQF	25278533	1.0
A0A0F4Z346	unreviewed	A0A0F4Z346_TALEM	Alcohol oxidase (EC 1.1.3.13)	T310_1225	Rasamsonia emersonii CBS 393.64	674	1.1.3.13	MTIPDEVDIIICGGGSAGCVPAGRLANLDHNLQVLLIEAGEDNLNNPWVYRPGIYPRNMRLDSKTASFYYSRPSEFLDGRRAIVPCANVLGGGSSINFMMYTRASASDYDDWQTKGWSTRELLPLMKKHETYQRACNNPEIHGFDGPIKVSFGNYTYPIMQDFLRAAESLNIPITDDLQDLKTGHGAEHWLKWINRDTGRRSDAAHAYVHSTRAKYDNLHLKCNTKVDKVIIENGRAVGVATVPSKPLGGQDPPRKIYRARKQIIVSGGTLSSPLILQRSGIGDPEKLRRAGIKPLVDLPGVGRNFQDHYLTFAVYRAKPDVETFDDFARGDPEVQKRVFDEWNQKGTGPLSTNGIEAGVKIRPTEEELAEMRNWPTPDFVTAGGWDSYFKDKPDKPVMHYSCITGWFGDHMLVPPGKFFTMFHFLEYPFSRGWIHVNSPDPYENPDFDPGFLNDKRDMAPLVWGYIKSRETARRMDAYAGEVTGMHPHFNYDSPARAFDLDLATTNAYAGPNHITAGIQHGSWAHRLEPGKAPADNYLNSHKQVTREPIKYSKKDIEHIEKWDHLALPRNLQHGATGGNKLAKHGGVVDERLNVYGVKGLKVADLSICPDNVGCNTYSTALLVGEKAAVLTAEDLGYSGSALEMRVPNYHAPGEVTNLARLSRRPRWPKPEFI		1.0
A0A1W2TQY8	unreviewed	A0A1W2TQY8_ROSNE	Putative alcohol oxidase (EC 1.1.3.13)	SAMD00023353_5100090	Rosellinia necatrix (White root-rot fungus)	667	1.1.3.13	MSPLPEEFDIIVCGGGSCGCVVAGRLANLDHNLKVLLIEAGESNLNNPWVFRPGVYPRNMKIDSKTASFYESRPSKWLAGRKAVVPCAHILGGGSSINFLMYTRASASDYDDFQAKGWSTKELLPLMKKHETYQRACHNKDLHGFEGPIKVSFGNYTYPIKDDFLRAAESQGIPFVDDLEDLSTGHGAEHWLKWINRDTGRRSDSAHAYVHSTRAVHSNLYLACNTKVDKIIMENGRAVGVQTVPTKPLHPGQLKTRIFRARKQIVVSGGTLSSPLILQRSGIGDPEKLRRAGVKPIVDLPGVGLNFQDHYLTFSVYRAKPGTESFDDFVRGVPEVQKKVFEQWELKGTGPLATNGIDAGVKIRPTEAELKQIQSWPTPHFTDGWQSYFKDKPDKPVMHYSVIAGWFGDHMLMPPGNFFTMFHFLEYPFSRGFTHIKSADPYATPDFDTGFMNDERDMAPMVWGYIKSRETARRMDAYAGEVQAMHPFFEYDSPARANDMDLETTQKYALEGNLSAGLQHGSWSVFNPAPDRTAESHVLNSNKANIREELQYNSEDIKAVEEWVKRHVESTWHCLGTCSMAPKEGNSIVKHGVLDERLNVHGVKGLKVADLSICPDNVGCNTYSTALLIGEKCAMLVAEDLGYSGAALDMKVPDYNAPGEVKLAYRL		1.0
A0A8K1HUA6	unreviewed	A0A8K1HUA6_9PEZI	Copper radical alcohol oxidase (EC 1.1.3.13)		Colletotrichum tabaci	506	1.1.3.13	MVTLYSALRSLPAVVLVFAAVSEAQNVGQWGPMVKFPVVPVAVALLPETGNMLVWSSGWPNRWTTAGNGKTYTSIYDVKTGKVSDALIQNTQHDMFCPGTSMDENGRIIVTGGSSASKTSVLDFKKGEFSSWTPLSNMQISRGYQSSCTTSEGKIFVIGGSFSGAGRRDGEVYDPKANTWTKLAGCPVKPLVMQRGMFPDSHAWLWSWKNGTVLHAGPAKQMNWYYTKGTGANTPAGLRGADDDSMCGVSVMYDAVAGKIFTYGGGKAYTGVASSSNAHILTLGEPGQAVQVQKLQNGKFNRGFANAVVMPDGKIWVVGGMRQMQLFSDSTPQLTPELFDPATGVFTPTTPHTVPRNYHSTALLMADATIWSGGGGLCGANCKENHFDGQFWSPPYLFEADGKTPAKRPVIQDLSETTVKAGAPITVTMQDAGAYTFSMIRVSATTHTVNTDQRRIPLDGQDGGDGQAFTVNVPDDYGVAVPGYYMLFAMNEAGVPCVAKFFKVTL		1.0
A0A8K1HW99	unreviewed	A0A8K1HW99_9PEZI	Copper radical alcohol oxidase (EC 1.1.3.13)	alcox	Colletotrichum destructivum	506	1.1.3.13	MVTLYSALRNLPAAVLVLAAVSEAQNVGQWGPMVKFPVVPVAVALLPETGNMLVWSSGWPNRWTTAGNGKTYTSIYDVKTGKVSDALIQNTQHDMFCPGTSMDENGRIIVTGGSSASKTSVLDFKKGEFSSWTPLSNMQISRGYQSSCTTSEGKIFVIGGSFSGAGRRDGEVYDPKANTWTKLAGCPVKPLVMQRGLFPDSHAWLWSWKNGTVLHAGPAKQMNWYYTKGTGANTPAGLRGTDDDSMCGVSVMYDAVAGKIFTYGGGKAYTGVASSSNAHILTLGEPGQAVQVQKLQNGKFNRGFANAVVMPDGKIWVVGGMRQMQLFSDSTPQLTPELFDPATGVFTPTTPHTVPRNYHSTALLMADATIWSGGGGLCGANCKENHFDGQFWSPPYLFEADGKTPAKRPVIQDLSETTVKAGAPITVTMQDAGAYTFSMIRVSATTHTVNTDQRRIPLDGQDGGDGQAFTVNVPDDYGVAVPGYYMLFAMNEAGVPCVAKFFKVSL		1.0
A0A9Q8V9V0	unreviewed	A0A9Q8V9V0_9HYPO	Alcohol oxidase (EC 1.1.3.13)	JDV02_003482	Purpureocillium takamizusanense	616	1.1.3.13	MTTHEEGREYDIVFAGGGTAACIAAGRLAKADPNLSILLVECGRNNYNDPTVVNPAIYLSHLAPGSQTAHFYQANKEKALNDRAPVVPSGGILGGGSSINFMMYTRAQGVDFDSWNTEGWDAQSLIPLARKLETYHLDNPAVDKSVHGYDGPINVSFGTHGPKGPQDDMLAAGEALGIGEVIDQQDFKEAHGFSRWLRYIGPDGKRQDTAHRYIHPLLQSGQYPNLHLLLESKVSRVIFDGTRATGVEYQPTASSQPNTSLSKPVSSVVKAKKLVVVSAGALGTPSILERSGIGGAELLKKLDIPLVSDVPGVGEEYQDHNLLLYPYKTSLKADETLDGILSGRLDFATAVSEKNPILGWNGIDVAGKLRPTEEEVAQLSPAFQELWDRDFKEQTDRPLMLIGVVTAFLGDHKTLNEGEDGVSQYATMGTYTAYPYSRGNIHIVSKDAQAPPSFNTGYLSHPADLTKLVWAYKKQREIYRRTNAFAGELAMGHPKFREDSKAALTDGPLVQGGFKSVEERKAIPALEYDAEDDAAIEDFIRDNLNTTWHSLGTCKMAPKEKGGVVDKSLNVYGTQGLKLADLSIVPENVGANTNNTALIVGEKAAVIIGEELGLSV		1.0
A2R501	unreviewed	A2R501_ASPNC	Contig An15c0100, genomic contig (EC 1.1.3.13)	An15g02200	Aspergillus niger (strain ATCC MYA-4892 / CBS 513.88 / FGSC A1513)	602	1.1.3.13	MGIYTRLPEGIDEVDIIIAGGGTAGCVVASRLADADPSLSILVVEGGQNNKGNHMIAFPLLFPTALLPTSTATLFYKGNAEPQLDNREMIVPTGGVLGGGSSINLMMYSRAQRHDWDSWATPGWSTDEMIPYLKKLETYQGPGPDSVHGKDGPIVVSKGTFYSERAADQFIAAANEVGYPTVNDLQDLDTSNGVQRALRFVDSKGRRQDAASNYLHPKLEDGAHPNLHVLVETKVIKILFEGKRAVGVEFKPNPAFQKEDNKVQRVKARKLVIGSCGALGTPLLLERSGLGDEAILNKVGVPVVAHLPGIGRNYQDHHLLIQTYHSALEPNETFDAPLAGRINMEELIKSNAPIMGWNGQDASCKLRPTEADVTALGPEFEAAYARDYLHTPNKPLALMALLGGFPGDPSTVEPGQYLATSLFTVYPYARGHVHITSPDPDADIAFETGFLKSDLDVTKLIWAYKKQREIVRRMDVYRGEFVGAHPPFAEDSAAALVRLDKPNDKNISDIQYTAEDDKVIEGWVRKNVGTTWHSLGTCKMGAQADGGVVDADLNVHGIEGLKLVDLSIVPQNIGANAATTAYAIGEKAATIIMKDLGLPVSQ	17259976	1.0
A2RB46	unreviewed	A2RB46_ASPNC	Contig An18c0170, genomic contig (EC 1.1.3.13)	An18g05480	Aspergillus niger (strain ATCC MYA-4892 / CBS 513.88 / FGSC A1513)	667	1.1.3.13	MTIPDEVDIIVCGGGSTGCVIAGRLANLDHNLQVLLIEAGEDNLNNPWVYRPGIYPRNMKLDSKTASFYYSRPSEWLDGRRAIVPCAHVLGGGSSINFMMYTRASASDYDDFQAKGWTTDELLPLMKKHETYQRACNNRDIHGFDGPIKVSFGNYTYPIMQDFLRAAESQDIPVTDDLQDLKTGHGAEHWLKWINRDTGRRSDSAHAYVHSTRAKYSNLHLKCNTKVDKVIIENGRVVGVATVPTKPLAGRDPPRTIFRARKQIIVSGGTLSSPLILQRSGVGDPEKLRRAGVQPLVNLPGVGRNFQDHYLTFSVFRAKPEVESFDDFVRGDPEVQKKVFEEWNIKGTGPLATNGIEAGVKIRPNAKELEEMKSWPTNDFYRGWESYFKNKPDKPVMHYSVIAGWFGDHMLMPPGKFFTMFHFLEYPFSRGSTHIQSADPYESPDFDAGFMNDKRDMAPMVWGYIKSRETARRMGAYAGEVTGMHPHFSYDSPARAFDLDLETTKAYAGPNHISAGIQHGSWSQPLEPGISPASPTMLNSNKQDTREEIKYSKKDIEHIEKWVQRHVETTWHSLGTCSMAPREGNNLTPHGGVVDERLNVHGVQGLKVADLSICPDNVGCNTYSTALLIGEKCAVLTAEDLGYSGKALDMKVPEYHAPGEVTFLSRL	17259976	1.0
A5LGE0	unreviewed	A5LGE0_9ASCO	Alcohol oxidase 2 (EC 1.1.3.13)	AOD2	[Candida] sonorensis	423	1.1.3.13	MAIPDEFDVIVVGGGSAGCALAGRLGNLDEDLTVALIEAGENNINNPWVYLPGVYPRNMRLDSKTATFYSSRPSPHLNGRRAIVPCANILGGGSSINFMMYTRASASDYDDWESEGWTTDELKPLMKKLETYQRPCNNKDDHGFDGPIKVSFGNYTYPHCQDFLRAAESQGIPITNDAEDLNTAHAAQHWLKWINRDLGRRSDAAHAYIHPTMRNKQNLFLITSTKADKVIIENGVATGIQVVPSKPLDKKNPQTKIYKAKRQIILSCGTVSSPLVLERSGIGAAHRLRQLGIKPIVDLPGVGENFQDHYCFFTPYHVKPDVPTFDDFVRGDKEVQKAAFDQWYANKDGPLTTNGIEAGVKIRPTEEELSTADEDFQNAWSYYFENKPDKPLMHYSVISGFFGDHTKIPHGKYMTMFHFLEYP	17476699	1.0
A5LGE3	unreviewed	A5LGE3_9ASCO	Alcohol oxidase (EC 1.1.3.13)	AOD1	Ogataea methylovora	238	1.1.3.13	GIPYVDDAEDLKCAHGAEHWLKWINRDTGRRSDSAHAYIHPTMRNKGNLFLITSTKIDKIIVEDGRATGVKTHPMKPLNPKNPKTRTYKARKQIVVSCGTISSPLVLQRSGFGDPQKLRAAGVKPLVDLPGVGRNFQDHYCFFTPYRVKPDAESFDDFVRGKPEVQKRVFDQWYANGTGPLATNGIEAGVKIRPTDEELRTADDEFQEAYKDYFGDKPDKPLMHYSVISGFFGDHSKI	17476699	1.0
A5LGE4	unreviewed	A5LGE4_9ASCO	Alcohol oxidase (EC 1.1.3.13)	AOD1	Ogataea minuta	249	1.1.3.13	DFLRACDSQGIPFNDDLEDLKASHGAEYWLKWINRDLGRRSDSAHAYIHPTMRNKSNLFLITSTKAEKVIIENGVAVGVKTVPMKPVETKNPPTRTFKARKQIVVSCGTISSPLVLQRSGIGAAHKLRQAGIKPIVDLPGVGENFQDHYCFFTPYYSKPEIPTFDDFVRGDPVAQKSAFDQWYANKDGPLTTNGIEAGVKIRPTDEELATADDDFIQGYHDYFDNKPDKPLMHYSVISGFFGDHIKIPN	17476699	1.0
A5LGE5	unreviewed	A5LGE5_9ASCO	Alcohol oxidase (EC 1.1.3.13)	AOD1	[Candida] methanosorbosa	252	1.1.3.13	TCQDFLRACEVQGIPYVDDAEDLKTSHGAEHWLKWINRDTGRRSDSAHAYIHPTMRNKDNLFLVTSTKIDKIIVEDGRATGVQTYPMKPLSKKHLPKPKIYKARKQIVVSCGTCSSPLVLQRSGFGDPQKLRAAGVKPLVDLPGVGENFQDHYCFFTPYRVKPDVDSFDDFVRGKPEVQKKVFDQWYANGTGPLATNGIEAGVKIRPTKEELATADDAFQKGYADYFENKPDKPLMHYSVISGYFGDHTKIP	17476699	1.0
A5LGE6	unreviewed	A5LGE6_9ASCO	Alcohol oxidase (EC 1.1.3.13)	AOD1	[Candida] succiphila	253	1.1.3.13	EDFLKATETQGIPYVDDLEDLTTAHGAEHWLKWINRDTGRRSDSAHAYVHPTMRNKSNLFLLTSTKIDKIFIEDGRATSVRLLPIKPLNKKNQKPRIIKARKQIVLSCGTISSPLVLERSGVGNPQILRAAGVKTIVDLPGVGENFQDHYCFFTPYKIKPEYESFDAFVRGDKEVQKKAFDQWYANGTGPLATNGIEAGVKIRPTKEELETADEDFQKGYADYFENKPDKPLMHYSVISGFFGDHTKIPDGKY	17476699	1.0
A5LGE7	unreviewed	A5LGE7_9ASCO	Alcohol oxidase (EC 1.1.3.13)	AOD1	Kuraishia capsulata	248	1.1.3.13	DFLRACENQGIPYVDALEDLKCSHGAEHWLKWINRDTGRRSDSAHAYIHPTMRNKGNLFLITSTKIDKIIVEDGRATGVKTHPMKPLNPKNPKTRTYKARKQIVVSCGTISSPLVLQRSGFGDPQKLRAAGVKPLVDLPGVGRNFQDHYCFFTPYRVKPDAESFDDFVRGKPEVQKRVFDQWYANGTGPLATNGIEAGVKIRPTDEELRTADDEFQEAYKDYFGDKPDKPLMHYSVISGFFGDHTKIP	17476699	1.0
A5LGE8	unreviewed	A5LGE8_9ASCO	Alcohol oxidase (EC 1.1.3.13)	AOD1	Ogataea wickerhamii	252	1.1.3.13	QCQDFLRAAESQGIPVLDDAEDFKTAHGAEQWLKWINRDLGRRSDTAHAYVHPTMRNKENLYLITSTKADKILIEDGKAVGVRTVPIRPLDPKNPISREYRARRQVVLSCGTISSPLVLERSGIGAAHRLRQLGIKPIVDLPGVGENFQDHYCFFTPYYVKPGTPTFDDLARGDPVAQKAALDQWYANKDGPLTTNGIEAGVKIRPTAEELATADDDFKQGWADYFENKPDKPLMHYSVISGFFGDHTKIPA	17476699	1.0
A5LGE9	unreviewed	A5LGE9_9ASCO	Alcohol oxidase (EC 1.1.3.13)	AOD1	Ogataea glucozyma	276	1.1.3.13	TFGNYTYPNGQDFIRAAESQGIPLVDDAEDLKCSHGAEHWLKWINRDLGRRSDSAHAYIHPTMRNKQNLFLITPTKCEKIIIENGVATGVKTVPMKPTGSPKTQVARTFKARKQIIVSCGTISSPLVLQRSGIGSAHKLRQVGIKPIVDLPGVGMNFQDHYCFFTPYHVEPDTPSFDDFVRGDKAVQKSAFDQWYANKDGPLTTNGIEAGVKIRPTEEELATADDEFRAAYDDYFGNKPDKPLMHYSLISGFFGDHTQKIPNGKYMCMFHFLEYPL	17476699	1.0
A5LGF0	unreviewed	A5LGF0_9ASCO	Alcohol oxidase (EC 1.1.3.13)	AOD1	Ogataea henricii	246	1.1.3.13	ETQGIPYNDDLEDLKASHGAEYWLKWINRDLGRRSDSAHAYVHPTMRNKESLFLITSTKCDKVIIENGVATGVRVVPQKPVETKKDCSKIYKARKQIVISCGTISSPLVLQRSGIGAAHKLRQAGIKPIVDLPGVGENFQDHYCFFTPYYCKPDVPTFDDFVRGDPIAQKTAFDQWYANKDGPLTSNGIEAGVKIRPTADELATADDEFKQGYADYFENKPDKPLMHYSVISGFFGDHTKIPNGKF	17476699	1.0
A5LGF1	unreviewed	A5LGF1_9ASCO	Alcohol oxidase (EC 1.1.3.13)	AOD1	Ogataea minuta	276	1.1.3.13	IKVSFGNYTYPHCQDFLRACESQGIPYSDDLEDLQASHGAEHWLKWINRDLGRRSDSAHAYIHPTMRNKQNLFLLTSSKCEKVVIEDGKAVGIKVVPQVPMETKKQISKVYYARKQIVVSCGTDFFALVLQRSGIGAAHHLRTVGIKPIGDLPGVGENFQATYCFFTPYYVKPDVPTFDDFVRGDPVAQKSAFDQWYANKDGPLTTNGIEAGVKIRPTEAELASADADFRQGYADYFENKPDKPLMHYSVISGFFGDHTKIPHGKFMTMFHFLEYP	17476699	1.0
A5LGF2	unreviewed	A5LGF2_9ASCO	Alcohol oxidase (EC 1.1.3.13)	AOD1	Ogataea naganishii	275	1.1.3.13	VSFGNYTYPTCQDFLRACENQGIPYHDDLEDLKTAHGAEHWLKWINRDTGRRSDSAHAYIHPTMRNKENLFLVTSTKIEKIVVENGRAVGVRTLPMKPLHRNKPKARIYRARKQIVLSCGTCSSPLVLQRSGFGDPQKLRAAGVKPLVDLPGVGENFQDHYCFLTPYRVKPEVESFDDFVRGKKDVQKSAFDQWYANGTGPLATNGIEAGVKIRPTREELATSDEEFQRGYADYFENKPDKPLMHYSVISGFFGDHTRIPDGKYMTMFHFLEYPL	17476699	1.0
A5LGF3	unreviewed	A5LGF3_9ASCO	Alcohol oxidase (EC 1.1.3.13)	AOD1	Ogataea philodendri	254	1.1.3.13	QDFLRAAESQGIPVVDDLEDLKTSHGAEHWLKWINRDLGRRSDSAHAYVHPTMRNKDNLFLITSTKADKVIIEDGKAVAVRTVPMKPLNPKKPVSRTFRARKQIVVSCGTCSSPLVLQRSGIGAAHHLRSVGVKPIVDLPGVGENFQDHYCFFTPYYVKPDVPTFDDFVRGDPTAQKNAFDQWYSNKDGPLTTNGIEAGVKIRPTEEELATADEDFRQGYADYFANKPDKPLMHYSVISGFFGDHTKIPNGKFM	17476699	1.0
A5LGF4	unreviewed	A5LGF4_9ASCO	Alcohol oxidase (EC 1.1.3.13)	AOD1	Ogataea trehalophila	276	1.1.3.13	KVPFGNYTYPNCQDFLRAAESQGIPFVDDAEDLKCSHGAEHWLKWINRDLGRRSDSAHAYIHPTMRNKQNLYLITSTKCDKIVIEDGVAVGVKTVPMKPTGTTKTQIARTYRARKQIIVSCGTISSPLVLQRSGIGSAHKLRQVGIKPIVDLPGVGMNFQDHYCFFTPYHVKPDTPSFDDFVRGDKVAQKSAFDQWYANKDGPLTTNGIEAGVKIRPTEEELATADDEFRAAYDDYFGNKPDKPLMHYSLISGFFGDHTKIPNGKYMCMFHFLEYP	17476699	1.0
A8DPS4	unreviewed	A8DPS4_GLOTR	Alcohol oxidase (EC 1.1.3.13)	AOX	Gloeophyllum trabeum (Brown rot fungus) (Agaricus trabeus)	651	1.1.3.13	MVHPEEVDVIVCGGGPAGCVVAGRLAYADPNLKVMLIEGGANNRDDPWVYRPGIYVRNMQRDGVNDKATFYTDTMKSSHLRGRQAIVPCANILGGGSSINFQMYTRASASDWDDFKTEGWTCQDLLPLMKRLENYQKPVNNDTHGYDGPIAISNGGQITPLAQDFLRAAHSIGVPYSDDIQDLTTAHGAEIWAKYINRHTGRRSDAATAYVHSVMDVQTNLYLRTNARVSRVIFEGNKAVGVAYVPSRNRAHGGAVLETIVKARKCVVLSSGTLGTPQILERSGVGNGELLKKLDIKVVSDLPGVGEQYQDHYTTLSIYRVSNDSITTDDFLRGVKEVQRELFQEWETSPEKARLSSNVIDAGWKLRPTEEELKEMGPEFNELWDRYFKDKPDKPVMFGSIVAGAYADHTLLPPGKYMTMFQYLEYPASRGKIHIQSTNPYKEPFFDSGFMNNKADFAPIRWSYKKTREVARRMDAFRGELTSHHPHFHPASAAATRDIDIKTAKEIYPDGLTVGIHMGTWHRPSEPFDASKVHEDIKYTEEDDKAIDDWVADHVETTWHSLGTCAMKPREQGGVVDKRLNVYGTEHLKCVDLSICPDNLGTNTYSSALLVGEKGADLLCEELGLKVRVPHAPVPHAPVPTGRPATQQPKH	17660304	1.0
B7PIZ7	unreviewed	B7PIZ7_IXOSC	Glucose dehydrogenase, putative (EC 1.1.3.13, EC 1.1.99.10)	IscW_ISCW017898	Ixodes scapularis (Black-legged tick) (Deer tick)	377	1.1.3.13; 1.1.99.10	MLYVRGSPRDYDSWEEQGAVGWSWADVRPYFLRSEHNRDPDIARNGHHNVGGPLSVMRAPYATPLASAFVEAGVHLGYPARDINAGQLTGPLTLPGGVEGLGFVNTRYANASLDWPDVEIHFASGSPVSDGGQTFKTAHGLSDKVELDASKTARGVHFERFGVPQVARVRKEVLLSAGAIGTPQLLMLSGIGPRSHLEAFKVWSRTFAPHIREDSMSLYPVLLRPRSRGTVRLRSTDPHDEPLLNPRYLTHPQDLRTMVDAMKLCLWLGQSPPFARFGSRVWDIPFPGCELYPFLGDEYLGCVARSYTSTLYHPVGTCRMGAADDRLAVVDSKLRVRGVRQLRVVDASIMPTIVSGNTNAPVIMIGERASDLILSGM		1.0
B8LTH7	unreviewed	B8LTH7_TALSN	Choline dehydrogenase, putative (EC 1.1.3.13)	TSTA_065150	Talaromyces stipitatus (strain ATCC 10500 / CBS 375.48 / QM 6759 / NRRL 1006) (Penicillium stipitatum)	665	1.1.3.13	MTVPEEVDVIICGGGSTGCVPAGRLANLDHNLQVLLIEAGEDNLNNPWVYRPGIYPRNMKLDSKTASFYYSRPSEWLDGRRAIVPCAHVLGGGSSINFMMYTRASASDYDDFQAKGWTTKDLLPLMKKHETYQRACNNPDIHGFEGPIKVSFGNYTYPIMQDFLRAAESQGIPVTDDLQDLTTGHGAEHWLKWINRDTGRRSDAAHAYVHSTRAKHSNLHLKCNTKVDKIIIENGRAVGVVTVPTKWVGDGEPPRKIYRARKQIIISGGTMSSPLILQRSGIGDPEKLRRAGIKPLVDLPGVGLNFQDHYLTFSVYRAKPDTESFDDFIRGDPQTQKKVFEEWNTKGTGPLATNGIDAGVKIRPTEEELAQIRSWPTPDFQRGWDSYFKHKPDKPVMHYSVISGWFGDHMLMPPGKFFTMFHFLEYPFSRGWIHVKSADPYEAPDFDAGFMNDKRDMAPMVWGYIKSRETARRMAAYAGEVTGMHPHFAHDSPARAYDMDLETTKAYAGPDHLSAGIQHGSWSSPLEPSKSPVENYLNSNKQGTHPEIQYSEEDIKHIEKWVQRHVETTWHSLGTCSMAPREGNSIVKHGVVDERLNVHGVKGLKVADLSICPDNVGCNTFSTALLIGEKVAVLTAEDLGYSGSALNMKVPTYHAPGETVNLARL	25676766	1.0
B8LTH8	unreviewed	B8LTH8_TALSN	Choline dehydrogenase, putative (EC 1.1.3.13)	TSTA_065150	Talaromyces stipitatus (strain ATCC 10500 / CBS 375.48 / QM 6759 / NRRL 1006) (Penicillium stipitatum)	528	1.1.3.13	MTVPEEVDVIICGGGSTGCVPAGRLANLDHNLQVLLIEAGEDNLNNPWVYRPGIYPRNMKLDSKTASFYYSRPSEWLDGRRAIVPCAHVLGGGSSINFMMYTRASASDYDDFQAKGWTTKDLLPLMKKHETYQRACNNPDIHGFEGPIKVSFGNYTYPIMQDFLRAAESQGIPVTDDLQDLTTGHGAEHWLKWINRDTGRRSDAAHAYVHSTRAKHSNLHLKCNTKVDKIIIENGRAVGVVTVPTKWVGDGEPPRKIYRARKQIIISGGTMSSPLILQRSGIGDPEKLRRAGIKPLVDLPGVGLNFQDHYLTFSVYRAKPDTESFDDFIRGDPQTQKKVFEEWNTKGTGPLATNGIDAGVKIRPTEEELAQIRSWPTPDFQRGWDSYFKHKPDKPVMHYSVISGWFGDHMLMPPGKFFTMFHFLEYPFSRGWIHVKSADPYEAPDFDAGFMNDKRDMAPMVWGYIKSRETARRMAAYAGEVTGMHPHFAHDSPARAYDMDLETTKAYAGPDHLSAGIQHVLSNQASRL	25676766	1.0
B8MHF8	unreviewed	B8MHF8_TALSN	Choline dehydrogenase, putative (EC 1.1.3.13)	TSTA_021940	Talaromyces stipitatus (strain ATCC 10500 / CBS 375.48 / QM 6759 / NRRL 1006) (Penicillium stipitatum)	605	1.1.3.13	MTMTVAMSDNSTIPEEVDVVIAGGGTTGLVVATRLAKADSNMSILVLEHGPNTRNDPLVVNPAFYLMNIAPNSPRASFYRSKASKDLAGRESIVPIGKCLGGGSSINFMVYSRPQAIDFDAWNVPGWSGEDMIPMFRKYENFQDTDPAIDSSVHGYDGEFGVSAGTNAQPTFQHDFFEACSNVGISTTADVQNFHTANAVGKWNMWIDPKTGLRQDVPHCLLFPLLDQINTGLQVATDVIVNRILFDDNKATGVEYTRNGNDVAIVKARRLVVLASGALGSPQVLERSGVGDKDLLSKLGILVISDLPGVGTNYQDHNVVFYPYKSSAGIEETIDGVVSGRLTLQEALKQKQANPSRNVIGWNGLDCVGKLRPAEVASLHPILQKAWEEDFKLQPERPLMLIATIAGYVGDHSGIDIGQYFSCGPYTPYPYSRGLIHITGRAVTDEPHFDCGFLSNALDLEKLVWGYKLQREIVRRMSHYRGPLAVGHPTFPEGSNASYEAVDRVSKEQGRFIPIDYSAEDDEAIRTFIRERVHTTWHSLGTCAMKPREKGGVVDHKLNVYGVESLKIVDLSICPLNVSANTYATALAVGEKAAYIIAEDLNIPY	25676766	1.0
B8MSB1	unreviewed	B8MSB1_TALSN	Glucose dehydrogenase, putative (EC 1.1.3.13)	TSTA_000410	Talaromyces stipitatus (strain ATCC 10500 / CBS 375.48 / QM 6759 / NRRL 1006) (Penicillium stipitatum)	612	1.1.3.13	MAIYTALPDDLNEVDVIIAGGGTTGCVVAARLAEADPALSILVIEGGANNDIPLVSVPALFLANLMPTSTTNILYKTNKEKQLGDRELIVPSGGVLGGGSSTNLMMYSRAQRSDFDSWQMPGWSAEEMLPYLRKLETYHGPGAKDTHGSNGPIHVSGGTYRALKSENDFISAAKKVGWTEIEDLQDLDSNNGVQRAMRYISPDGKRQDAATKYLLPRLQNGKHPNLHVLIESKVVRVLFDNGNKKAVGVEYLPKTDSPENDESNKSGPPVQRVKARKLVIVSCGACGTPSVLERSGIGSPEILQRAGIPLVAEVPGVGYEYEDHQLLTYPYKSSLDVEETIDAVVSGRRSVEELVRNNDKILGWNTMDIACKLRPSETDIARLGPEFEKTWNRDFKKNPNKPLVLMSLINGFPGDPSTVPAGQYLGISVFTVYPYSRGHLHITGPSPSDPLDFSTGFFSDPGDIDLKKHMWAYKKQREIARRMHTYRGEVVSGHPPFPSSSKAACFERVNDYDHATIQGDIEYTADDDDILAQWLRENVGTTWHSVGTCKIAPLANNGVVDGKLRVYGVEALRIADLSILPRNVAANTNNTALAVGERAADIFIEELGLNRR	25676766	1.0
I7CMK2	unreviewed	I7CMK2_MONPR	Methanol oxidase (EC 1.1.3.13)		Moniliophthora perniciosa (Witches'-broom disease fungus) (Marasmius perniciosus)	638	1.1.3.13	MGHPTEVDVIVAGGGPAGCVVAGRLAYADPNLKVMLIEGGANNRDDPWVYRPGIYVKNMQRDGINDKATFYLDTMKSSHLRGRQSIVPCANILGGGSSINFQASASDWDDFKTPGWTARDLLPLMKRLENYQKPTNNDTHGYDGPIAISNGGTITALAQDFLRASDALGIPFSDLDTSHASEIWAKYINRHTGRRSDAATAYVHSVMDVQNNLYLRTNARASRVIFEGNKAVGVAYVPARNRGHKGQLLETIVKARKCVVLSSGTLGTPQILERSGVGDSKLLQKLDIKVVSDLPGVGEEYQDHYTTLSIYRVANETFTTDDFLRGDKEVQKEIFAEWETSPEKARLSSNCIDAGFKIRPTEEELKEMGPEFNALWDRYFKDKPDKPVMFGSIVSGAYADHTLLPPGKYMTMEYPASRGKIHIKSPSPYVDPFFDSGFMNNKADFAPIRWSYKKTREVARRMDAFRGELTSHHPHFHPASPAACRDIDIKTAKQIYPDGLTVGIHMGTWHRPTEPYDASKVHEDLKYTEDDDKAIDDWIADHVETTWHSLGTCAMKPREEGGVVDGRLNVFGTENLKVCDLSICPDNLGTNTYSSALLVGEKGADLLAEDLGLKIKTPHAPVPHAPVPTGKPATQQLR	23022488	1.0
M5C2L8	unreviewed	M5C2L8_THACB	Alcohol oxidase Short=AOX (EC 1.1.3.13)	AOD1 BN14_08302	Thanatephorus cucumeris (strain AG1-IB / isolate 7/3/14) (Lettuce bottom rot fungus) (Rhizoctonia solani)	271	1.1.3.13	MSQDPAFLQQAQAHFAQGKGALTTNWIDSGSKLRPTPKELEEIGPAFAPVWKKYFEPNPDKPVMLQAVVAGWLGPRELLPHKDNRMIMMGNFTAYPISRGHVYITSKDPYAAPDFETGFFKEQADVDVHIWAYKHAREIARRLPQYRGEFAALHPKFPEGSAAGCVKLEGPPDVDNVKDIVYTAEDNKAIESYVRQLVETTWHSVGTVLMKAKEQGGSVDTRLNVYGTQNLKVADLSIIPGNVGSNTNSTALVIGEKAAVIIAEDLGLKLN	23280342	1.0
M5C784	unreviewed	M5C784_THACB	Alcohol oxidase Short=AOX (EC 1.1.3.13)	MOX BN14_09408	Thanatephorus cucumeris (strain AG1-IB / isolate 7/3/14) (Lettuce bottom rot fungus) (Rhizoctonia solani)	331	1.1.3.13	MPTQTGHRQDAAHRYIHGQSGNKRLHVMTKTLVKRILFDGTKAVGVEVIGNKNQDKDANQTPREIRARKLVVVSAGAIGSAVVLQRSGLGQANQLSELGIKVVADLPVGANYEDHSSCIATYHVADDLETLDLVMERDPSVMERYLAQFIHGKGLLTSNVTDAGSKIRPTAEELERIGPAFREVWKRQFESAPDKPVFIQTVVNGFLGPRTAVPKNSRFMMFGHIAAYPVSKGHVHITSADPYSLPDFSTGFFEEKADVEIQVEIARRMPSYRGEYAPLHPKYPDGSSASCVRLDSSPSFNMEDLVYTEEDDIAIEEFVRQRGDTTWHSVG	23280342	1.0
M5C7F4	unreviewed	M5C7F4_THACB	Alcohol oxidase Short=AOX (EC 1.1.3.13)	AOD1 BN14_09479	Thanatephorus cucumeris (strain AG1-IB / isolate 7/3/14) (Lettuce bottom rot fungus) (Rhizoctonia solani)	375	1.1.3.13	MQPFRVPQPEPQEVDVIVAGGGPAGCVVAGRLAKADPNLQVMLIEYGPNNIDDPMVSTPAVYPRNMRLLESDKAHFYYDTNKSSHLRGRKTIVPCAKVLGGGSSINFQMYTRASASDWNDFKTEGWNYQDLLPLMKRLENYQKPCNNDTHGFDGPVAISNGGWVAPIAQDFLRASTAVGIPLTDDLQDCQQSHAAEIWAKWINKDTGRRSDAASAYVHPIMAEQSNLHLRCNSKVARVIFEGTKAVGVAYVNSRDHGQTKTVETIVKARKMVVLTSGTLSTPQILERSGIGGKDILDKAGVKTLVDLPGVGKQYQDHYTTFSVFRARASEPTADDWLRGDPKVQEEWMRVHSTTGKGPAASNGIDAGRPGTRISR	23280342	1.0
M5C8F8	unreviewed	M5C8F8_THACB	Alcohol oxidase Short=AOX (EC 1.1.3.13)	MOX BN14_09478	Thanatephorus cucumeris (strain AG1-IB / isolate 7/3/14) (Lettuce bottom rot fungus) (Rhizoctonia solani)	226	1.1.3.13	MKDKPDKPVVFASVVNGFFGDHTLVPPGKYFSMFQYLEYPFSRGSIHISSSDPYADSIFDSGFLNNEADIAPIRWSYKKVREVARRMDAYRGELTSLHPHFHPDSPAACEDVDLQTAKEYMPAGQLTVGIHMGTWSKPRKPLAPGERRIAEDVKYSKEDDEAIDNWVRDHVETTWHSLGTCAMKPRDQEGVLDPRLNVYGTTNLKVGDLSLCPDNLGTNTYSSALL	23280342	1.0
M5CAV1	unreviewed	M5CAV1_THACB	Alcohol oxidase Short=AOX (EC 1.1.3.13)	AOD1 BN14_10691	Thanatephorus cucumeris (strain AG1-IB / isolate 7/3/14) (Lettuce bottom rot fungus) (Rhizoctonia solani)	592	1.1.3.13	MHNRFYLSPLACVTAGRLAKSNPELNILIVEQGPNNYQEPSVVTPALFLSHQTPSSKTAEFWQGNKTSALNGRSPIVPTGRILGGGSSINFLKYTRPSASDFDDWKTEGWGSKDMLPLLRKMETYHLAPDRESHGYSGPLNVSYADKEKFPAVAQAYLEVAQKRGVPLVQDKQDLNTGHGCQRWAKWIDPATGARQDAAHRYIHTLSDNKRLHILTATKAVRVVFDGSKATGVEVVADKHTEEGADQTPRVLKARKLVVVSSGALGSPVVLQRSGVGEAHRLEKLGVEVVSDLPVGSTYEDHNLVLTPYHVADDTETIDPIMIQDPEFLEQARMEFAQGKGALATNWIDSGSKLRPTPNELEEIGPAFAPVWKSYFEPNPDKPVMLQAVIEGWLGPRDMLPYKGARMITIGNYTGYPISRGHVYIKSTDPYAAPDFETGFFNEQADVDVQVWAYKHAREIVRRLPQYRGEFAALHPKFPEGSEAACVKLDGPPDADSLKDIMYTPEDNKAIEAYLRQFIETTWHSVGTVLMKPKEQGGCIDARLNVYGTQNLKVADISIIPGNVGANTNSTALVIGEKAAVIIAEDLDLKLD	23280342	1.0
M5CB66	unreviewed	M5CB66_THACB	Alcohol oxidase Short=AOX (EC 1.1.3.13)	AOD1 BN14_10803	Thanatephorus cucumeris (strain AG1-IB / isolate 7/3/14) (Lettuce bottom rot fungus) (Rhizoctonia solani)	437	1.1.3.13	MSQIQSEFDIIFVGGGTTACVAAGRLAKSNPELNILIVEQGSNNYQEPSVVTPALFLSHQAPSSKTAEFWQGNKTSALNGRSPIVPTAHKRWAKWIDPATGARQDAAHRYIHTLSDNKRLHILTATKAVRVVFDGSKATGVEVVADKHTEEGADQTPRVLKARKLVVVSSGALGSPVVLQRSGVGEAQRLKKLGIEVVSDLPVGSTYEDHNLVLTPYHVADDTETIDPVMSQDPEFLEQARTHFAQGKGALATNWIDSGSKLRPTPDELEEIGPAFAPVWKSYFEPNPDKPVMLQAVIEGWLGPRDMLPYKDARMIMIANYTGYPISRGHVYIKSTDPYAAPDFETGFFNEQADVDVQVWAYKHAREIVRRLPQYRGEFAALHPKFPEGSEAACVKLDGPPDADNLKDIMYTPEDNKAIEAYLRQFIETTWHSVRPT	23280342	1.0
M5CC52	unreviewed	M5CC52_THACB	Alcohol oxidase Short=AOX (EC 1.1.3.13)	AOD1 BN14_10802	Thanatephorus cucumeris (strain AG1-IB / isolate 7/3/14) (Lettuce bottom rot fungus) (Rhizoctonia solani)	403	1.1.3.13	MSQIQSEFDIIFVGGGTTACVAAGRLAKSNPELNILIVEQGPNNYQEPSVVTPALFLSHQAPSSKTAEFWQGNKTSALNGRSPIVPTGRILGGGSSINFLKYTRPSASDFDDWKAEGWGSKDMLPLLRKMETYHLAPDRESHGYSGPLNVSYADKEKFPAVAQAYLEVAQKRGVPLVQDKQDLNTGHGCQRWAKWIDPATGARQDAAHRYIHTLSDNKRLHILTATKAVRVVFDGGKATGVEVVADKHTEEGADQTPRVLKARKLVVVSSGALGSPVVLQRSGVGEAHRLEKLGVEVVSDLPVGSTYEDHNLVLTPYHVADDTETIDPIMIQDPEFLEKARMEFAQGKGALATNWIDSGSKLRPTPDELEEIGPAFAPVWKSYFEPNPDKPVMLQAVIEGWLG	23280342	1.0
M5CF32	unreviewed	M5CF32_THACB	Alcohol oxidase Short=AOX (EC 1.1.3.13)	MOX BN14_12214	Thanatephorus cucumeris (strain AG1-IB / isolate 7/3/14) (Lettuce bottom rot fungus) (Rhizoctonia solani)	186	1.1.3.13	MITIGNYTGYPISRGHVYIKSTDPYAAPDFETGFFNEQADVDVQVWAYKHAREIVRRLPQYRGEFAALHPKFPEGSEAACVKLDGPPDANSLKDIMYTPEDNKAIEAYLRQFIETTWHSVGTVLMKPKEQGGCIDARLNVYGTQNLKVADISIIPGNVGANTNSTALVIGEKAAVIIAEDLDLRLD	23280342	1.0
M5CH40	unreviewed	M5CH40_THACB	Alcohol oxidase Short=AOX (EC 1.1.3.13)	AOD1 BN14_11356	Thanatephorus cucumeris (strain AG1-IB / isolate 7/3/14) (Lettuce bottom rot fungus) (Rhizoctonia solani)	385	1.1.3.13	MHQEADIIFVGGGTAACVAAGRLAASNPGLEILVVEQGSDNFKDPSVTTPALYLTHADPESKNTIHWKGTKSDAANGRETGTTSGGILGGGSSINFMMYAQPAASYLIQTILPKLPKSTWVYALLWGFPQQTILWIFRLGMALGDAGSKIRPTPDELKELGPAFNQYWKERFESAPDKPAVIQVIFNGFFGPPFLVPEGLRLILCTNFLGYPMSRGHVCISSADPYAPPNFRSGLIEEQADVEFDSSVDHFLREVVRRMPSYRGEPASLHPKFPEGSVAGCVRLDEPPSKEQDNLVYTPEDDKVLEDFIRQSAEATPHSVGTVRMAPKAKGGCVDDRLNTTNVLTKSTDLSILPGSIGANSYSTALMMGEKAAILIAEDLRLNLP	23280342	1.0
